Date,AAPL,JPM,XOM,JNJ,WMT
2021-09-21,0.0034279307680782356,0.00013079975969931823,-0.0009312789770627994,0.004395065325104586,0.0019614006659083305
2021-09-22,0.016872774946773195,0.019152820039112672,0.029268994170098095,-0.003646634349299238,-0.0023070617008676964
2021-09-23,0.006719071030133472,0.033801569378780094,0.033870767491940734,0.00567309892587331,0.0005605111246731465
2021-09-24,0.0006126369203562909,0.011539715951395468,0.00893489519336077,-0.0030329207810414482,0.002801582955808346
2021-09-27,-0.010549750426107618,0.024165877481478804,0.029692717415857883,-0.007240285127925961,-0.006425928152512306
2021-09-28,-0.023801242530129718,-0.005389511087472099,0.010455158952572319,-0.002206045226292752,-0.012302332122115733
2021-09-29,0.006482852635952607,-0.0007830862531869043,-0.0006674100371399927,0.007432174377092204,-0.00042687104219740757
2021-09-30,-0.00931175224272418,-0.013618310715515669,-0.01770220115333032,-0.015364101686393905,-0.007547731863592033
2021-10-01,0.008126964078969179,0.021015217154532584,0.03587226666948995,-0.006377596887510273,-0.016716714048156445
2021-10-04,-0.024605580328257215,-0.0010769760036833942,0.012965644897933837,-0.00779005768303298,-0.009631744212135307
2021-10-05,0.014158832348878603,0.016330116081261004,-0.0016202324017169367,0.0022613247786251733,0.006557092181744162
2021-10-06,0.006307077862866217,0.002134468890350405,-0.018338117210309424,0.0020677735399310393,0.007319778999494764
2021-10-07,0.009084364015747637,0.006330682489491535,0.00281032743294074,0.008942520581029623,0.011771669083817216
2021-10-08,-0.0027218020272784527,0.0007644910722803822,0.025057809603689085,-0.0025414328591935043,0.0030160982230289513
2021-10-11,-0.0006297045150973624,-0.0210316289841187,-0.009971270879783667,-0.004225253836853238,-0.0009307552952736442
2021-10-12,-0.009103276691039275,-0.00768126286777604,-0.005198072110236485,-0.01597497119114033,-0.0010750765423415132
2021-10-13,-0.004239856106677431,-0.02636676724573428,-0.0027760582511300314,0.009575894168478039,-0.007246417981220721
2021-10-14,0.020225845037069146,0.015341580477772343,0.01522854087579284,0.005715902959255947,0.01084062927014795
2021-10-15,0.007512337289732329,0.01920847162586803,0.009516126182459228,0.007432472711620175,0.004861751720030449
2021-10-18,0.011806186585639367,-0.00036036262817740194,-0.0004790954747155851,-0.007315637080441362,0.00803961908196027
2021-10-19,0.015080022348997524,0.01212866972474691,0.015025247580468859,0.02341994896815347,0.02124515364521473
2021-10-20,0.0033611230763535005,0.013466241910659704,0.005511780868789673,-0.0005492624144547431,0.009053700989080316
2021-10-21,0.001474061640386104,-0.007843461977364963,-0.01816757498134458,-0.002320168215945162,0.005548046605961199
2021-10-22,-0.005284849925939694,0.013451069444341712,0.006859127405360432,0.001958550457907826,0.010421546221313083
2021-10-25,-0.0003364703565197358,-0.004889935672065193,0.019486767348670053,0.002198847957133321,0.011594989411392254
2021-10-26,0.0045750321480495515,0.002690820230583979,0.023154725888319794,0.01017775462351067,-0.008729952673753538
2021-10-27,-0.0031476749228351864,-0.02082807887093885,-0.02597217628292159,-0.01212645607872509,-0.008201591702240774
2021-10-28,0.02499164720483793,0.01507477679211533,0.002806748898925626,-0.005435477942949185,0.006236020626589678
2021-10-29,-0.018155626481596743,-0.002759004929987152,0.00248810917485498,0.00018434194558225592,0.006534172298920504
2021-11-01,-0.005607432715036942,-0.000529956129385778,0.017992786584499543,0.00085927801042196,0.0024763260231763784
2021-11-02,0.007115978252456356,0.003946004894013866,-0.012341939864634055,0.015765089946005784,-0.0004671697742457681
2021-11-03,0.009798251600072083,0.0003520011938396017,-0.013730082544587296,-0.003200735423213197,0.003072198120487757
2021-11-04,-0.0034983114110568314,-0.013135577802033671,0.007508053255793401,-0.0027869951846497543,0.007324701670954115
2021-11-05,0.0035824086109625952,-0.0014262438676825306,0.009470649279345045,-0.007108104501202583,-0.006941023007464686
2021-11-08,-0.005552743421206152,0.006010256129109104,0.010765787478516087,-0.0034266193723483385,-0.0063899315497122355
2021-11-09,0.002459802493092633,-0.007571107621953788,0.009738148876782926,-0.0022103239948455533,0.0034834958752543166
2021-11-10,-0.019163390782625078,-0.0009537876073791862,-0.019700270338786185,0.010830158090596287,-0.009012619114466047
2021-11-11,-0.00033825701640410877,-5.978400030437481e-05,0.0018691983213758867,-0.007366012588816195,0.00040420196047397106
2021-11-12,0.014336998971469006,-0.004474530800856136,-0.007619278636406657,0.011958835034444615,-0.004983252700618945
2021-11-15,6.696771937209078e-05,-0.00179798050137836,0.008618041467041815,-0.009029564991049233,-0.0057524785250833155
2021-11-16,0.006666226493613481,-0.007204463440227293,0.010097749988102311,-0.005198259070880007,-0.025457845917315147
2021-11-17,0.016490392647855234,-0.005382165115154547,-0.010919715142904574,0.003750025346754393,-0.008591020991376652
2021-11-18,0.028535993786088953,-0.008634047042205273,-0.01088474354652047,-0.00538943402292591,0.008595343216353024
2021-11-19,0.016976212937912072,-0.013063390196332514,-0.04621924464852545,0.0030171725051930665,-0.005378983966102258
2021-11-22,0.002927227005797617,0.021315040054022738,0.01384545516980995,-0.013161970817574975,0.016785058387331464
2021-11-23,0.0024220657700579906,0.023912276819237688,0.026337396346496567,0.006199034703963102,0.0071141410477228995
2021-11-24,0.003283460579891262,-0.007844194738191423,0.005543884079388217,-0.0028003340658062648,0.0050065914020844815
2021-11-26,-0.03167839710192988,-0.030126812784105672,-0.03512920522955232,-0.006490347587788992,-0.011191628845519497
2021-11-29,0.021873488589865264,-0.004323014505971501,0.005551189950256941,0.0034547004159830585,-0.015665812589199968
2021-11-30,0.031577933505404054,-0.014885583871667607,-0.028413759072191458,-0.02391240396760763,-0.014022262638524352
2021-12-01,-0.0032062852565689637,-0.005918149757347835,-0.0008355803108256454,0.013788210968950887,-0.024816973811076948
2021-12-02,-0.006130005646681536,0.02102746202739869,0.024920636754360848,-0.006262563666015741,-0.012177180742539928
2021-12-03,-0.011724265558091918,-0.018113193786788884,-0.0063643433990485665,0.014577648330850623,0.015058527165628277
2021-12-06,0.021502625956989485,0.011813695186205786,0.011331988973261709,0.0223364638279675,0.010835336759948966
2021-12-07,0.03544629851946457,0.01504770725597826,0.011204941044030026,0.0025779821411244797,-0.003237002426897284
2021-12-08,0.022783007637348085,-0.011441348550683572,0.0028905728975603395,0.0059987927508282635,-0.010104639207392907
2021-12-09,-0.002970079182482266,-0.0015557611935446136,0.0025620643258918996,0.00949253166493036,0.013909136614856488
2021-12-10,0.028013438460837703,-0.003988230376623214,0.0063886848619165715,-0.002471044450746307,0.018266980399962662
2021-12-13,-0.020674070056835525,-0.011888487260737213,-0.021901154238862408,0.017885877427805008,0.018010436663158602
2021-12-14,-0.008023440991655528,0.00766208418268044,-0.001460185917531498,0.01092322399174983,0.00954217747241537
2021-12-15,0.028509274203809998,-0.007478199835533994,-0.004387692363307494,0.0049913601625339865,0.005726694856723835
2021-12-16,-0.03926387765597783,0.01563903401721989,0.0016322302705986669,0.01092661745319301,-0.016670223771292236
2021-12-17,-0.006501886551882663,-0.022754489991333338,-0.021834650600497163,-0.027628325572543244,-0.03202150670162851
2021-12-20,-0.008121809896944554,-0.017989004337738312,-0.01449268973547424,-0.0028534568232163604,0.003243121757206202
2021-12-21,0.019086770966846522,0.013966657291097695,0.022650156910312358,-0.003218870518005734,0.00301724494870359
2021-12-22,0.01531886604216437,0.00390783598915756,0.0080992528973165,0.004305930049095297,0.0012890785335009092
2021-12-23,0.003643840029285972,0.00357353151526163,0.0004919097068809553,0.0019055646265422332,-0.00221724563342518
2021-12-27,0.02297493318994026,0.005723107863657928,0.01425755912675264,0.008439691976418251,0.00910459295425281
2021-12-28,-0.005767391963836022,0.0030348606317009974,-0.0032316127560869656,0.0040080298262430425,0.014350523618474886
2021-12-29,0.000502122104106828,-0.0005042616283554846,-0.008753322920431406,0.007044300754252442,-0.0004901803732900722
2021-12-30,-0.006578478141392896,-0.000504949655717124,-0.005887031228580142,0.004430088100825458,0.003223275192794972
2021-12-31,-0.0035353902823666017,-0.0008199544816802629,0.006580029343114857,-0.007196339888746461,0.010616616885207542
2022-01-03,0.02500435464204842,0.021155360824205216,0.03840480165938831,0.002747597902471588,-0.00027623783524133305
2022-01-04,-0.012691426418899199,0.037910222818162476,0.03761386233594188,-0.002681741840659946,-0.018320283347005084
2022-01-05,-0.026599994992843934,-0.018282276347625026,0.012437635285968529,0.006663745169059876,0.0135211081301565
2022-01-06,-0.01669339574703088,0.010623981011287587,0.023520713677319005,-0.0034260111054622566,-0.002779012444768747
2022-01-07,0.0009883188199171222,0.009908313135108537,0.008196669114318711,0.01351705447629592,0.009545584974610444
2022-01-10,0.00011631811607482057,0.0009569363318429058,-0.005952150332168005,-0.004943460151544565,-0.001932419015103548
2022-01-11,0.01678351406963441,0.0010161685269192144,0.042061988384309856,-0.010630405321778724,-0.0028353948093445824
2022-01-12,0.002570178470637563,0.005672056179277796,-0.0029430774942516003,-0.008525547837547331,-0.0052703922249218715
2022-01-13,-0.019027751128723458,-0.0012467769279623786,-0.007169274107213797,-0.0060664665693968,0.014152191123776081
2022-01-14,0.005110597770199732,-0.061463581695905156,0.01755627057018261,-0.005451321876092652,-0.0028185494267103373
2022-01-18,-0.018894200384615645,-0.041927711156287795,0.01683623556301228,-0.004408889730813881,-0.017509912170639907
2022-01-19,-0.02102461475081885,-0.015469454502820335,0.0004102850010851977,-0.0031119487901245524,0.00996367256730979
2022-01-20,-0.01034737460354751,-0.00852706668217773,0.0021885571357029843,-0.007984246022893049,-0.018896795746060846
2022-01-21,-0.012765188501416946,-0.017472616699049093,-0.015012814406248909,-0.002299859822789574,-0.007293531520985663
2022-01-24,-0.004864135372068201,-0.0008964746124089373,0.008591007095232861,-0.011524009498495524,7.105981955835006e-05
2022-01-25,-0.011384537882637935,0.01090078465940536,0.029399285151709087,0.028594204811418722,-0.021754356994571844
2022-01-26,-0.0005633361073220655,0.009485882651177668,-0.010142873082367498,0.004474309686327338,-0.010207989714686394
2022-01-27,-0.0029432854100575057,-0.01764462903470987,0.01280852152583778,0.013125139302879507,0.0006631375011452167
2022-01-28,0.06977776408579572,0.008946442223867868,0.002129997304813669,0.007034083305846428,0.012367237080648463
2022-01-31,0.026125598328349042,0.013573553218936274,0.009032860479698313,0.0029106074671667592,0.01665225964890049
2022-02-01,-0.0009725990201793211,0.01715983760934159,0.06411288370220003,-0.00818371803526019,0.007867855165019977
2022-02-02,0.007044296069601552,-0.008005048895062483,-0.0025982365240895255,0.011060449277006335,-0.000425816519321498
2022-02-03,-0.016719858463181247,-0.008269977802916051,-0.011659544591460347,-5.821488151958043e-05,0.0009940525694349667
2022-02-04,-0.001679220767839218,0.025958231872947213,0.021711726854306113,-0.006540625960424928,-0.011774008640762057
2022-02-07,-0.004234706949355793,0.00334277243477743,0.012037840390630494,-0.003320992135609546,-0.009832646623183505
2022-02-08,0.01846685009185345,0.018814749477684245,-0.025852647303157505,0.00263047010456563,0.00021724098322395413
2022-02-09,0.008293831567068422,0.004168411448044695,-0.0047870933231163315,-0.0001164720671830155,-0.0021738725179673013
2022-02-10,-0.023599121336616236,-0.004151107922259478,-0.009620127326502859,-0.012070696818895277,-0.011693034921009815
2022-02-11,-0.02021838715180302,-0.013016671673668823,0.025178793542034672,-0.01009314389718674,-0.005511228700476045
2022-02-14,0.001423406817735673,-0.00929031665070379,-0.015334593924056006,-0.012581289935602036,-0.010197510757982031
2022-02-15,0.023152404545766947,0.014623426323355115,-0.012535133567937229,0.010325862877113456,0.0031355927597382927
2022-02-16,-0.0013891295399186543,0.001809893088315473,0.0046160006643527485,-0.0005976045185402956,-0.006251131592528214
2022-02-17,-0.02126891609107351,-0.023032269870210564,-0.0015312950716033225,-0.006100024133223747,0.04006553521791001
2022-02-18,-0.0093559486003445,0.004688762315687711,-0.011120985342436995,-0.010718717190035365,-0.006408530308635196
2022-02-22,-0.01781199954603907,-0.0017746611584262828,-0.011634033311986536,-0.013589871878100235,-0.01116015607001275
2022-02-23,-0.02586422978881131,-0.02093923642108797,0.004054044175366034,0.0004965766841769081,-0.010260181594009654
2022-02-24,0.016680065013822576,-0.027843047758780548,-0.012634694630150767,-0.019104308737162956,-0.0038501226635855312
2022-02-25,0.012965352006196085,0.0236595269253006,0.026912904300739005,0.04970269941700822,0.013751283802206471
2022-02-28,0.0016379352116984158,-0.04169741565328289,0.007450984236128333,-0.008614296297069113,-0.008945477464325835
2022-03-01,-0.011627736683504253,-0.037729106996326145,0.009563775359549442,-0.0034635768740413075,0.00614115931427861
2022-03-02,0.020588025824534784,0.020739852792781788,0.01717855032861504,0.012438920635162054,0.001249697858819454
2022-03-03,-0.001981180517945047,-0.00710794629900624,0.00633273492159403,0.014695079908330522,0.02298789423709713
2022-03-04,-0.018408310915439374,-0.028129185385067812,0.03763600132511735,0.005935860509077129,0.025342798807680644
2022-03-07,-0.023717451645381304,-0.0386158227733443,0.0360328860408623,0.016108057585173974,-0.008052065537981878
2022-03-08,-0.01167627774110025,-0.007043036229499533,0.007575573960042714,-0.020266124957356246,-0.02068198519650344
2022-03-09,0.034997738171977266,0.04006246936576652,-0.056846616248777626,0.003793213360167469,0.00518963158154806
2022-03-10,-0.02718646845332373,-0.011840462250703898,0.031042156403833232,0.0017713720263734523,0.0227302704732526
2022-03-11,-0.023908580381905797,-0.022523891562565845,-0.0051544468381150566,-0.0018271437113149824,-0.0039261628548974414
2022-03-14,-0.026562525522565994,0.009930678661110859,-0.03579834750979849,0.013817742154381918,0.013937211701877228
2022-03-15,0.029677380595395597,0.017746301079182736,-0.05691265338796858,0.025918444035882837,0.012009415952198621
2022-03-16,0.029015665590425233,0.04468599952821939,-0.003755404871616963,-0.00919698124339341,-0.0029496415991522307
2022-03-17,0.0064535800725882275,0.012644318781770192,0.026647680853821853,0.013064225777546179,0.0015195047493079539
2022-03-18,0.020919317807747806,-0.0003565985762512547,-0.003925366365842509,-0.011085970346175533,0.0029653820650898943
2022-03-21,0.008537674859356192,-0.00321205652658485,0.04487121292004037,0.005662183089669037,-0.008319675390712988
2022-03-22,0.020800398025494715,0.021267336152452687,-0.0043794761703545015,-0.004720222942594443,-0.0029814190116415062
2022-03-23,0.0082334818156522,-0.01991329642852735,0.015762225188490797,-0.0037714030537814303,-0.01286501122930439
2022-03-24,0.022678188912649055,0.0065105755904022455,0.0030074098249310843,0.005162318522096365,0.006199281297540438
2022-03-25,0.003734048486703001,0.008742661847118693,0.021827645691078423,0.009586778297116183,0.004340619659591649
2022-03-28,0.0050366153587613205,-0.0073985442133537305,-0.028051457575532623,0.005143720093597759,0.01777656930319904
2022-03-29,0.019134558950135272,0.0022007630290248326,-0.005313168605678986,-0.0005063634861962596,0.00842453078319072
2022-03-30,-0.0066496895890342245,-0.004533338335682258,0.017117902914177474,0.01040856142034463,0.01793113096042931
2022-03-31,-0.017775881733652854,-0.030027073695671924,-0.014204197678649555,-0.01314106944169724,-0.006338803208533195
2022-04-01,-0.0017180225371176139,-0.007409118520765756,0.006417343574900425,0.0054167606465713725,0.014034230503571665
2022-04-04,0.023693358522091534,0.004434268373498806,0.00048117509190936936,-0.009652597094588433,0.00019866330491846718
2022-04-05,-0.018941933448673898,-0.011637408873737987,-0.005170784613515167,0.006459933230638981,0.0028469951381171477
2022-04-06,-0.01845085471323249,-0.013874148093688699,0.011120700860031807,0.026011875228189707,0.02323885026905681
2022-04-07,0.0018040180327349997,-0.0030422286829067113,0.01673622549575904,-0.002579132785609728,0.010000719812876646
2022-04-08,-0.011908424952579044,0.018308231507368378,0.021046670200193685,0.0019807074935465074,0.005557788756926696
2022-04-11,-0.025516353360562016,-0.0036707374782347646,-0.03443135520890528,-0.012519048948665401,-0.019821019638112336
2022-04-12,0.011523489324540392,-0.010977609609200578,0.02087078303051393,0.0003335138140978522,-0.006870030107645531
2022-04-13,0.01634276945953861,-0.03223346434748031,0.014135397042016162,0.004224576076595321,0.026039173257057735
2022-04-14,-0.02998848572233237,-0.00926953853955137,0.011749943252911788,-0.004206804112582452,-0.0008904249868842973
2022-04-18,-0.0013309667088424737,0.01855398246832962,0.008197897048894509,-0.012451331449090275,-0.007639455850362742
2022-04-19,0.014115084286553392,0.0207068090149074,-0.008921958710992994,0.030507888317156118,0.011354787882829509
2022-04-20,-0.0010154897603850133,0.003508264056048427,0.002278976760361262,0.00442422202431203,0.012559758813375455
2022-04-21,-0.004843593121758194,-0.007752051395647719,-0.01057294929537378,-0.002882112554595362,0.0015033322957256345
2022-04-22,-0.02782117232012349,-0.028722358995257213,-0.02183141953057466,-0.009926121784759823,-0.018827786457732865
2022-04-25,0.006737468149168757,-0.0003155105958528859,-0.03371332548086636,0.02462284124986347,0.0005099599776197117
2022-04-26,-0.03732814435897791,-0.029581195734432852,0.0003648699383733689,-0.007150071422499127,-0.010449852269393656
2022-04-27,-0.0014669102927094002,-0.013005857947445687,0.02855739726883999,-0.013970220271852907,-0.006825428019387569
2022-04-28,0.045155298126186905,0.015812812815469535,0.030245842398183287,0.007468521081977375,0.012772389414429153
2022-04-29,-0.03660468147198992,-0.03226853748667957,-0.022362386837924686,-0.016352313478031677,-0.020613192152039272
2022-05-02,0.0019662823497930138,0.009131988938139157,0.013607302714144343,-0.010085635379000757,-0.006601874094150251
2022-05-03,0.0096226811098572,0.02141976930996381,0.020599285737827433,-0.001959067454417429,0.0034869461806670277
2022-05-04,0.04100848823222347,0.033081381474983296,0.03980014866920545,0.010712864967891145,0.013835518760030086
2022-05-05,-0.0557161607454395,-0.02501972279202147,-0.015157883126721616,-0.01908995650010059,-0.008568211424365257
2022-05-06,0.004726996755321178,-0.0016138649358673485,0.015280857196103392,-0.0022064471409518616,-0.020819610422562862
2022-05-09,-0.033188948718154476,-0.015034103393450127,-0.07885279931554767,0.005442977723033149,0.0117009955134737
2022-05-10,0.016111871914787912,-0.024372036716651224,0.006630308637773474,-0.0013532315178412802,-0.014076923229987659
2022-05-11,-0.05184135780256449,-0.0063084507290397385,0.02081856960225026,-0.0054209455626625935,-0.010457283119795657
2022-05-12,-0.02689395216255941,-0.0008462321708199161,0.004539790842502889,0.009879072762357444,-0.0009484042781884305
2022-05-13,0.03191629212912206,0.008894938968528443,0.029663983154636586,-0.005734381017436396,0.0038648333968380744
2022-05-16,-0.010672625424766435,-0.0069694288789696746,0.023520055392698858,0.006955026298276934,0.0010808472436727445
2022-05-17,0.025422730987969988,0.033147404701865835,0.012754188664582777,0.004155611086466671,-0.11375752544139361
2022-05-18,-0.056419115276889364,-0.017106012216081434,-0.01585060405000971,-0.018566634975022533,-0.06791013006679614
2022-05-19,-0.0246412111287857,-0.01482228441132083,0.005405380269155824,-0.008888661245261331,-0.027444140473565692
2022-05-20,0.0017472666420768057,-0.008198715380242971,0.007900139507750925,0.01747741898866151,0.0010917563896424287
2022-05-23,0.04011907564204065,0.06187155032930969,0.022098862274561704,0.020415039716679573,0.028523538246335134
2022-05-24,-0.019216194956743538,0.014125225091190075,0.005431736076236371,0.010922850481213997,0.012479457127897664
2022-05-25,0.0011401979547025487,0.0069640061810110065,0.02012712100925773,-0.009812491485423958,-0.00612265292321601
2022-05-26,0.02319971193262349,0.01729031030024708,0.003530534968975818,-0.0008907461563157915,0.02131812761278362
2022-05-27,0.04075649318003727,0.014138015300383167,0.009830436421905064,0.009082836434912922,0.01968258434806147
2022-05-31,-0.0053461895347192145,0.007313042024441607,-0.016292568450988032,-0.008614584647947066,0.0011673981887050378
2022-06-01,-0.0008732303557186238,-0.01754516705605902,0.01916630730164459,-0.010137377113515256,-0.024722062067171757
2022-06-02,0.0168112026216245,0.01608783130386171,-0.0017373928390082005,-0.0031516512202347524,0.01642094450431153
2022-06-03,-0.03855562472015639,-0.013939312757760836,0.01453889884210513,-0.004120737672079544,-0.01717514551185939
2022-06-06,0.005227665726433406,-0.0033036298099914374,-0.002523138667868907,-0.00011325315543186942,-0.0035908885647314426
2022-06-07,0.01758590304988905,0.0026208884297980184,0.045831696979928394,0.010997726973176913,-0.012012540007320327
2022-06-08,-0.005043559826131583,-0.01591456751745346,0.011802450222683447,-0.0059438742179099835,-0.008672996830102364
2022-06-09,-0.03595557741817701,-0.02101549484051901,-0.021608399318087335,-0.0201373762758289,-0.010466154716204823
2022-06-10,-0.03862859219826742,-0.045966009364228344,-0.018274132411679633,-0.0066777955002526035,0.005619015726855192
2022-06-13,-0.03828489296116355,-0.029778397969446035,-0.04588900572917587,-0.010084181959897243,-0.018816749675092947
2022-06-14,0.0066726100032095115,-0.016639353221518216,0.0026083367272191627,-0.015338547034845829,0.00041865640240712487
2022-06-15,0.020111617122291925,0.011835868541138383,-0.012591221748410764,0.010702286725511545,-0.0006699126935904021
2022-06-16,-0.039651603904165666,-0.0171562837339716,-0.03688467504760096,0.0005293721033354792,0.010387227999069548
2022-06-17,0.011533148166214868,-0.00352645461486778,-0.05766498164348133,-0.0036453620364487183,-0.01931691628254628
2022-06-21,0.03276071967650296,0.02477224144072876,0.06223886050407801,0.020948737181553323,0.03280067822887944
2022-06-22,-0.0038271542088950117,-0.0056116339051687225,-0.03957151609627452,0.015779616148970277,-0.012113988424741873
2022-06-23,0.021573747057086923,-0.010939456501596001,-0.030161732320235668,0.022305830897195067,0.02427680301309132
2022-06-24,0.024517099134793385,0.02984567431156271,0.01983359032415888,0.014638527390256506,0.0008092845503711033
2022-06-27,0.0,-0.008012377198954646,0.024510768944691952,-0.0009326441893028337,0.003232671032769696
2022-06-28,-0.029789441422130136,-0.004811775665086726,0.027743294135913255,-0.02844276705549731,-0.014099073775258986
2022-06-29,0.013023659648361274,-0.004489738269324084,-0.036939760199460436,0.0002826411914813587,-0.0036772582872405257
2022-06-30,-0.018027246468594327,-0.023330589933856838,-0.028143408281233184,0.0029381127489707115,-0.0027887679191328507
2022-07-01,0.01616407575496881,0.012787726481563677,0.022302698672890475,0.011323052223475072,0.008636153591273565
2022-07-05,0.01893037367253747,-0.0038037396450407712,-0.03129650291554942,-0.007687002756265993,0.013210613313005437
2022-07-06,0.009607157403247024,-0.006482001332466125,-0.018040445540053573,0.0008981465836666036,0.0070824329124881125
2022-07-07,0.023999664274806376,0.025292787022936913,0.031940705995993746,0.0011216516704510848,0.0015184787224336027
2022-07-08,0.004714537370186456,-0.0031382214771469297,0.0016288898431053855,-0.001232424834184731,0.0006382029373863674
2022-07-11,-0.014757957107578101,-0.013116339855829384,-0.005111436268599445,0.00039268486402566083,0.0003988505268035514
2022-07-12,0.006834031913225624,0.0009744332489762808,-0.013311600247958189,-0.014017341598221433,-0.00302911465620892
2022-07-13,-0.0025369292870345284,-0.009382671735066905,0.0040235568371314034,-0.0023316123277848932,0.002398743112917767
2022-07-14,0.02048239768518334,-0.034938946547395044,-0.020037681088310833,0.0013679043822574233,0.01954191251759263
2022-07-15,0.011450166618942381,0.0458333103078814,0.016839382890456944,0.014515244400894023,0.009779558091059348
2022-07-18,-0.020642967506588006,-0.010270022144870161,0.018452396287207184,-0.02244299934688665,-0.0023245903741075935
2022-07-19,0.02672191759709297,0.02477860322157177,0.025203533814999624,-0.014578556784612062,0.00613519481972169
2022-07-20,0.013509669771537336,-0.00017463398770689587,0.010988827312543803,-0.0057079015821246415,0.008335778835961927
2022-07-21,0.015094288533682887,0.006809933624558173,-0.016696537384781607,0.0035148679741956457,0.014620395190863
2022-07-22,-0.008110857680931671,-0.004856068449134887,-0.007635180678759457,0.004727939546988136,-0.0025651199474328035
2022-07-25,-0.007398306148010847,0.004008409720356987,0.033302926747357686,0.0019755024893250983,-0.0014372536922198087
2022-07-26,-0.008826334881679165,-0.015622431745015986,-0.003889873679390088,0.007074257299278797,-0.07604909386456227
2022-07-27,0.03423492819288754,0.016046680605866115,0.02164427342051156,-0.002763829377604776,0.0377932644152188
2022-07-28,0.003571563415966983,-0.0037314543306052883,0.011684991099926378,0.005773695920536337,0.02496253531460435
2022-07-29,0.03279330437487604,0.004790513333924995,0.0463085656475033,0.001837020018627955,0.017726262642107526
2022-08-01,-0.006153758845776736,-0.009968686227900814,-0.02527603433257708,-0.0034954260279123073,0.0037109441798808263
2022-08-02,-0.009287310830337847,-0.015585197087746527,-0.00433955860983537,-0.005692730309771243,0.0010560381722088952
2022-08-03,0.03824784521135949,0.010495238432751908,-0.03242266222697343,0.009657850046058902,-0.01643038435655164
2022-08-04,-0.0019263798986576264,-0.011002488404414201,-0.04207886066860189,-0.01603760026826917,-0.03777768590205843
2022-08-05,-0.0013890166402953374,0.030259859065576267,0.014451350293479104,-0.003958293512978717,0.00804312917258554
2022-08-08,-0.002902890348853937,-0.01218036605362427,0.005652917760045062,-0.0053182100569265645,0.008137463071104412
2022-08-09,0.00030326868728147716,0.009007373237607252,0.01843739284618029,-0.00011749311750186564,0.009873792095058453
2022-08-10,0.02619441402038669,0.026087686963784273,0.009493091372797968,0.0028793241309164053,0.002094751943147566
2022-08-11,-0.004431752645474685,0.014781738459621385,0.02892824166215724,-0.0206831489206889,0.00964388024731222
2022-08-12,0.021425958450509652,0.01656385739393107,0.008691905912864728,-0.011008705400626817,0.018487348075907573
2022-08-15,0.006333496917408921,0.002701964387370248,-0.01787254871118238,0.004779071033711446,0.002873978100812913
2022-08-16,-0.0009238571074657864,0.00955443305870074,-0.00931525139242173,0.008911299188342658,0.05105578493750085
2022-08-17,0.008784263884314747,-0.008412302070479938,0.008090783692143333,5.915505628872886e-05,0.0010763323549118908
2022-08-18,-0.0022911578881134043,-0.007749429091928439,0.02364464582462311,-0.004833483231868607,-0.003225439382211759
2022-08-19,-0.01510212620899909,-0.02474498934679903,-0.0031787978404743678,0.015230690344106623,-0.014740745754469486
2022-08-22,-0.023029525206739954,-0.016522152511119548,-0.0007443066687695676,-0.0035084577239840042,-0.01788064488604668
2022-08-23,-0.002028980959515314,-0.009856899199013891,0.042442463390924834,-0.008711498882718827,-0.004235774077554488
2022-08-24,0.0017941196115711655,0.00242397640988945,0.005918273089731807,-0.00331096866284486,0.00723894560790761
2022-08-25,0.014922766112029917,0.02374778782260778,0.005173387352922498,0.009361326771784029,0.006668256948710649
2022-08-26,-0.037699359781451225,-0.032728812033039345,-0.012311903065761909,-0.01711244638072862,-0.03142727485018426
2022-08-29,-0.013690214948174018,-0.0024418707789927163,0.022989676365197553,-0.007731309973872724,0.009726444766029019
2022-08-30,-0.015305404864788041,0.00017504050291727857,-0.038054434017034344,-0.0034967268132624074,-0.0030101335839838317
2022-08-31,-0.010635204724460334,-0.005943649614078228,-0.00747572871647928,-0.006710580169505764,0.0005284113418906333
2022-09-01,0.004706950779715724,0.006858286663389057,-0.017993541265331148,0.02479238931403338,0.014560456534976396
2022-09-02,-0.013611016372673257,-0.006986281207893796,0.018323241263113577,-0.01572534832436956,-0.011005348996402264
2022-09-06,-0.008215178795634936,0.0002638351953341278,-0.006695214036119612,0.002703783216670086,-0.004962414719062447
2022-09-07,0.009253709225400142,0.018990827918772712,-0.008530975867023338,0.005453954614700107,0.02569148740977134
2022-09-08,-0.009617535940948385,0.0232959771951049,0.008179477689368664,0.008045388753834759,0.005083091285573937
2022-09-09,0.01883951063924938,0.004805969472228,0.01675252464991961,0.001934984280126173,0.0030051976595106833
2022-09-12,0.03850812988841179,0.011831829857639198,0.011502735508286399,-0.0004224377910062582,0.008988580517399036
2022-09-13,-0.058679529254712315,-0.03474866303972057,-0.02335841597286059,-0.02602026494276366,-0.020641477372355554
2022-09-14,0.009555304341160697,-0.0023198407593010284,0.024546341118049986,0.02064092520985139,-0.002218731252851547
2022-09-15,-0.01892982952405531,0.015070629345925735,-0.029077255483375808,0.002550581833312693,-0.010747091882600812
2022-09-16,-0.01096008203087473,-0.006702407419623468,-0.017083174011871427,0.015265489474861393,-0.002097967688135194
2022-09-19,0.02508275511937952,0.009224605572599964,-0.00010740195419300935,-0.007876138391156418,0.008559413437143837
2022-09-20,0.015665673815817183,-0.019719032281586668,-0.008154466385456693,-0.007877906178803795,-0.00580674319546548
2022-09-21,-0.020267806885315487,-0.028835547997839384,-0.016118691558887566,-0.010244394871616325,0.009135130927269364
2022-09-22,-0.006375074776298617,-0.011378731837784817,-0.0041781953306078146,0.017761031284336593,-0.01023971044163785
2022-09-23,-0.015124036656207762,-0.018613339678520857,-0.05321814125434443,0.003249279849434794,-0.024964269016304108
2022-09-26,0.0022602665492961194,-0.021532041664484414,-0.020641555104125686,-0.0061179240707660565,0.009611028328862181
2022-09-27,0.006566364464079433,-0.008802160301268347,0.0209572993239735,-0.0045868469396587175,-0.0027415751720059056
2022-09-28,-0.012651676294060055,0.02021722747100818,0.03638901704340025,0.008609355259626028,0.01649476398632066
2022-09-29,-0.0491191043437571,-0.016945940004882143,-0.002025524902533715,-0.011000375163421117,-0.0064609148030538854
2022-09-30,-0.030039103014217527,-0.015636925479655894,-0.015448929213527363,-0.007110970454578092,-0.01928166115076857
2022-10-03,0.030752364605349802,0.030909140781485878,0.05280044102641446,-0.0009794621643497425,0.02181970274503353
2022-10-04,0.02562309285844333,0.04678346511281495,0.03644457035399662,0.014828261096135442,0.012978198996216328
2022-10-05,0.002053597554508846,-0.01234648699267571,0.04041166393316531,-0.003079124266176625,-0.00990708943989016
2022-10-06,-0.00662592541822471,-0.02038230866566615,0.029660902430343805,-0.019380891941585543,-0.00932881415380904
2022-10-07,-0.03671861361092377,-0.019974178454032376,-0.01009197759281344,-0.010561641920703968,-0.02369377062902367
2022-10-10,0.002355691021022732,-0.009341464818157896,-0.021676848588510378,0.0013110086955965272,0.0059116892623385375
2022-10-11,-0.0102550194356128,-0.028859920993619337,-0.00849855166122937,0.014462531608014473,0.025904611744694828
2022-10-12,-0.00460494870517647,0.016182684196974995,0.004387850482219902,-0.00024539341101881273,-0.011306252544840079
2022-10-13,0.03361289066721418,0.055593357609918126,0.03494839053325127,0.015120722003574283,0.008462228865956378
2022-10-14,-0.03223997961575875,0.016640650019059233,-0.026307961528715174,-0.004178252365159341,-0.013985548695421235
2022-10-17,0.029122381432528543,0.04200025745653613,0.014416850354787458,0.01295156825278565,0.007207153868331373
2022-10-18,0.009409742860298387,0.02572068047438325,0.0017888773750707188,-0.0034816068155718582,0.021085300158584896
2022-10-19,0.0007651294058927949,-0.019605992894498714,0.029662701348809772,-0.007951471710640923,-0.0028325740201821104
2022-10-20,-0.003267210873789894,-0.0032618980333649628,0.0013490121992669746,0.0025505329266515275,0.002467064421040499
2022-10-21,0.027059416798558944,0.052527462751670084,0.01856991479147596,0.021803490492499078,0.020210278973944673
2022-10-24,0.014802566599348754,0.001227178360873049,0.006990535257453967,0.013454951749523714,0.01907896749426463
2022-10-25,0.019337411960844264,0.002614735403727142,-0.006754184435146304,-0.0015790811835090235,0.004733986969537085
2022-10-26,-0.019627199824027386,0.011491589931356794,0.011900219436146164,0.008787104236085197,0.0076392117610730725
2022-10-27,-0.03046488559183924,0.00394798636047633,0.003826814327255068,0.0005804064433354572,-0.0029049105664422648
2022-10-28,0.07555220303740007,0.011878022295446655,0.02928871341832262,0.01485710759574932,0.012648363331913881
2022-10-31,-0.015410371706680248,-0.001586185359014891,0.0009936634801919197,-0.005146839376283241,-0.0012631402514803325
2022-11-01,-0.017542665343169173,0.018033102837365256,0.00992677093216665,-0.005058303934320496,-0.004496592739771543
2022-11-02,-0.037304987433134484,-0.009207935989589688,-0.02055201749996849,-0.015367710534572754,-0.006634236271124583
2022-11-03,-0.042405051410317696,0.0018114841282703686,0.013593520181350627,0.001701631098414147,-0.00021307068076725777
2022-11-04,-0.0019473023074815243,0.027358267316068163,0.010891102440823808,0.004451571177225722,0.0017765923035522047
2022-11-07,0.0039023156201043463,0.005280041965428417,0.011842242520323065,0.008747448478098718,0.010498682529112013
2022-11-08,0.004174917914224752,0.0006092042350538396,0.0031679960152071196,0.004971530828689286,0.002386852420548591
2022-11-09,-0.03318978618228785,-0.013008789547942823,-0.04473701778392036,-0.007995812503939548,-0.02325097453253555
2022-11-10,0.08897456782085245,0.041159179135895396,0.014692556179393801,0.011713508242606085,0.02072126353177306
2022-11-11,0.019268793616907365,0.0016286510345937533,0.031221705744862716,-0.029918940265292293,0.001545464867543922
2022-11-14,-0.009485929477812238,-0.010273448776292105,0.0029192487228000275,0.015716578598194753,-0.02938706382841294
2022-11-15,0.011869577308265766,-0.007243769592269245,0.006703800324546538,0.002791846725665792,0.06539493671171237
2022-11-16,-0.008331067252952629,0.001354051588575933,-0.010689731892603471,0.0062069500308492564,0.007189281222335531
2022-11-17,0.012971257932064217,-0.004357009273031509,0.001328570368570814,0.00807097912545629,-0.003366950622498699
2022-11-18,0.0037818013946293583,0.009808376567435939,-0.00866790148960983,0.007663413202062097,0.015067523564501473
2022-11-21,-0.02168016449938248,-0.005902425596881367,-0.009903732486983063,0.0051405875905248255,0.006123888801488064
2022-11-22,0.014661041973027533,0.014956578563913414,0.028926784187291554,0.004830523394535824,0.0035725732237488206
2022-11-23,0.0059263051212046225,0.010663279990301477,-0.004992050064680842,0.0010745970333168042,0.0048125595789421105
2022-11-25,-0.0195935911782833,0.0019052645638493182,-0.0035208981225496316,0.0012994164716151335,0.00426453607957078
2022-11-28,-0.026264114459246368,-0.017478150864366104,-0.030032730692085008,0.0005075158050062978,0.002874428529797912
2022-11-29,-0.021148398042313166,0.016449416463059308,0.006648014395898905,-0.006992522057741035,-0.003517571806871289
2022-11-30,0.04859400035821637,0.011862747131668128,0.007237131882462222,0.010846849856965601,-0.0035955215422833753
2022-12-01,0.0018914781710954731,-0.014039550081779262,-0.004850016498394449,0.004157296337518046,0.006232735087792873
2022-12-02,-0.0033712778811372246,-0.007927216689649685,-0.008483923468076693,0.0007831077547149068,-0.0009781602331384587
2022-12-05,-0.007983499010455475,-0.028040896703628304,-0.027398475993249516,-0.0005591691443458391,-0.010246656180272318
2022-12-06,-0.025369700284693653,0.00167470916459167,-0.027796022801874765,-0.014990298131981938,-0.01160553454337454
2022-12-07,-0.013784694033914024,-0.0006837815500289057,-0.0022140970463395693,0.006076182508468531,-0.005203948793143898
2022-12-08,0.012132672593053062,0.01049435880696814,0.007429026554035545,0.00016911096238803047,0.001548442859965471
2022-12-09,-0.0034351431772379204,-0.005418525309921596,-0.008427600169522043,-0.008239027258780895,-0.023323217438949717
2022-12-12,0.016390080910333227,0.015511567341632171,0.024628287406295746,0.01194936149036585,0.01864992942614485
2022-12-13,0.006782367564163838,-0.0009685892881585723,0.01093404811329246,0.0077037633564960295,-0.0035805056498788845
2022-12-14,-0.01553595273457431,-0.0049971441694827146,-0.007365979217642704,0.003068676347336874,-0.005559864973782136
2022-12-15,-0.04685416400963727,-0.024810698776635554,-0.009581078840272705,-0.012627855775972918,-0.008931396672943404
2022-12-16,-0.014578571111609206,-0.0062261145497493064,-0.007018220894177918,-0.010253917277360691,-0.017955559324992487
2022-12-19,-0.015909522851717317,0.005955812734684374,0.004489023635505074,-0.0010816316191079034,0.0003502221588447263
2022-12-20,-0.0005289294985553195,0.004843801866877717,0.014452814433912442,0.0010828028128675449,0.008753408869506485
2022-12-21,0.023809375670242883,0.011248020112078594,0.012841042684514248,0.011441684324840162,0.007844586739229165
2022-12-22,-0.02377268957976353,-0.011349727440115753,-0.02017408787113839,-0.0036582383826626597,-0.011709563718241056
2022-12-23,-0.00279790900905319,0.004745041987143095,0.02644499372202458,0.0025416450913224864,0.0020212034869673268
2022-12-27,-0.01387862031696685,0.0035039605739861646,0.013894023900144159,-0.0002815508225073593,0.00027802377443952864
2022-12-28,-0.030685218365957723,0.005465351042923228,-0.016426199984339473,-0.004339516113129105,-0.017522923525338463
2022-12-29,0.028324447241902417,0.005737424355048537,0.007565984230354594,0.005094609226772073,0.006086743750201906
2022-12-30,0.0024690343169346818,0.006605497816939421,0.010073276787398333,-0.00512531922043491,-0.0025326631780674402
2023-01-03,-0.03740468600021274,0.007606337757430692,-0.03436065586081205,0.008718027561047448,0.012765398158847363
2023-01-04,0.010314173203999522,0.009325130541468774,0.002910286053916744,0.010887255203804624,0.0011144100473265972
2023-01-05,-0.010604653358054161,-0.00022175448113570528,0.022374205973837658,-0.007383671530810099,-0.0034085622978557995
2023-01-06,0.03679392260340886,0.019135668382131765,0.012086824335988178,0.008109727883201634,0.024499196912354693
2023-01-09,0.004088818956246021,-0.004132203161389292,-0.01863750308635781,-0.02590828541592738,-0.012467579312875121
2023-01-10,0.004456718210038124,0.008954023386408494,0.014934949286303123,-0.0023922820126124344,-0.0006209142785559285
2023-01-11,0.021112164499695885,0.00743155745858215,0.011626791520924495,-0.0015985175531482154,0.008766895048451406
2023-01-12,-0.0005995355199489572,-0.0010028817747382845,0.016611246520600975,-0.005032053103112388,-0.00903290784095967
2023-01-13,0.010119520353943923,0.025234765374548607,-0.0006180377871808362,-0.0032760388521164696,0.0033146345487542472
2023-01-17,0.008756264868022834,-0.01545347412571596,-0.0019444771701223607,-0.006169532073957207,-0.0060567266723564606
2023-01-18,-0.005370092890964906,-0.03004227007029503,-0.020543734167954963,-0.015084805840698712,-0.024721311969036375
2023-01-19,0.000443615769472272,-0.013326673670293832,0.006419116487880405,-0.0013547113589346127,-0.014271642648612914
2023-01-20,0.019220758166224483,0.002448862353068293,0.018235745120434244,-0.004659856336041046,0.012317346897946502
2023-01-23,0.02350073487673021,0.016212458321037237,-0.005205353177169192,-0.002548441834870019,0.014942250283903613
2023-01-24,0.010063050217294034,0.008596527493313744,0.009311905605239756,0.0,0.002664076234287549
2023-01-25,-0.0047008601026649055,0.00483911452507324,-0.005271877449905982,0.007129810341312881,-0.0047547814892869855
2023-01-26,0.014803199157775282,0.006181548140625326,0.040190860190878475,-0.003657703702753645,-0.0009131167713534172
2023-01-27,0.013684154312466834,0.002429092868461158,-0.018257574186735792,-0.0039079690830055025,0.007664590619532952
2023-01-30,-0.020077895221933262,-0.008480810789369908,-0.017731984583829297,-0.037032534858055355,-0.008024945154871843
2023-01-31,0.009021098901480729,0.005965803005691939,0.021574532485947984,0.008765580254048277,0.012099922920042916
2023-02-01,0.007900766859081143,-0.0026435829915352205,-0.010947349224701863,0.009178734371295683,0.005560513124586164
2023-02-02,0.03706265588681479,-0.004656691771179222,-0.03128817909296233,0.003759503808114628,-0.007257883385024977
2023-02-03,0.024399609878103856,0.015474608551427682,0.0069275866416027565,-0.005618236917901975,-0.013298941932070929
2023-02-06,-0.01792877606204657,0.0058826908512839005,-0.0016976439206330962,-0.007593530810741211,-0.007268366701791318
2023-02-07,0.019244682375580968,0.012189924172380406,0.028551017391732714,0.00024495874690910746,0.0021323373877266683
2023-02-08,-0.017652784976493363,-0.007031092575342179,-0.00870179433355156,0.00128499084540179,-0.005390636187771136
2023-02-09,-0.006911627128108333,-0.01556348491537285,0.0037745092024679128,-0.013507789745391352,0.009271094269756253
2023-02-10,0.002456345082872957,0.004415018058331999,0.042151363050362045,0.004646858926679487,0.015545648348744834
2023-02-13,0.018806954732582204,0.010848356157925343,-0.0038897955223728964,0.0037002295556425313,0.01523777637286039
2023-02-14,-0.004225268210639843,0.004418744330388025,-0.011714737293898048,-0.004362645493700135,-0.002878563100945808
2023-02-15,0.01390368442171086,0.00419012223384474,-0.00300620370124538,-0.016477176067194232,0.007423235605190204
2023-02-16,-0.010429528823744594,-0.013769154498963654,-0.002929328457168201,-0.0070902462114853515,-0.01569189445420316
2023-02-17,-0.007546511565731939,0.0029613693560377463,-0.03845150499049366,0.020877146714813444,0.015041071727698752
2023-02-21,-0.026679960427747895,-0.01834904845824714,-0.000988645009270095,-0.014901264377423784,0.006077523523167372
2023-02-22,0.0028960577519598907,-0.0076633506178218624,-0.012952983376806948,-0.0013925297773713652,-0.0209733309505562
2023-02-23,0.0032907161689352815,0.008010821081555486,0.009204287697702318,-0.0003169010772712255,-0.014905727337063857
2023-02-24,-0.018005478059735514,0.009021459747932559,9.030806570864414e-05,-0.011158347131542401,0.0026745563781804815
2023-02-27,0.00824746670455001,0.008727661788962893,-0.0018059209064008597,-0.002179826790212891,-0.007229676774200056
2023-02-28,-0.0034476656391254634,0.00837104293519153,-0.005789107787308456,-0.015228516051867924,0.004878504453458499
2023-03-01,-0.014245915784375396,-0.0055808673646587925,0.00891632196791492,-0.004502102121663465,-0.013930974662244466
2023-03-02,0.0041290994847136275,-0.010382205950727363,0.0045990950832774935,-0.0007866450071253306,0.0024971202482391153
2023-03-03,0.035089964252368544,0.018359472235670138,0.012656921220092432,0.010298815309364828,0.0012100795751457394
2023-03-06,0.018539554214899168,-0.005847111572477415,0.008864642777908882,0.009998501084332423,-0.00014224519130578983
2023-03-07,-0.014496352070624496,-0.02940756474295647,-0.019330341421196162,-0.009449636124670313,-0.009953568811069569
2023-03-08,0.008377099811506472,-0.005915560198813674,-0.014604395188781205,-0.00733336186071798,-0.008258857489540694
2023-03-09,-0.014914741386822361,-0.05413644057486988,-0.007728840435704987,-0.011244804673128939,-0.006734164303263235
2023-03-10,-0.013878562475362455,0.02539523689086609,-0.01237051087633323,0.0024462513781697837,-0.001458050311009207
2023-03-13,0.01326582868561843,-0.017957309134400745,-0.011504786696710512,0.00956413845726889,0.002920358651859134
2023-03-14,0.014089051852270273,0.025676119907924733,0.003754244158796549,0.0056188948408719686,0.00531402230711886
2023-03-15,0.002621401936812928,-0.047244184462793215,-0.04974747988302042,0.0027935852935887517,0.011151348415863627
2023-03-16,0.01869421189881937,0.01941369203120935,-0.005805937750324008,-0.002073346220412331,-0.005680447940961675
2023-03-17,-0.005454131524032402,-0.03778193994199863,-0.01177875936695405,-0.010712119520115304,0.008099325989675998
2023-03-20,0.015484060220214202,0.010571511906254383,0.02614189796866806,0.009909343906723489,0.010760473966105133
2023-03-21,0.011943805032301746,0.026820977607922902,0.0448023719246915,0.0,-0.0034066433640833615
2023-03-22,-0.009103435760088652,-0.025813981214838688,-0.022888596761093005,-0.018454652307289043,-0.0064093010653248905
2023-03-23,0.006969568881848742,-0.0026734377455829295,-0.011282137009353654,0.0005292978826185735,0.008099227733775027
2023-03-24,0.008305810896465093,-0.015215910499430718,0.0011603466798593143,0.010057811466108069,0.008176264910306319
2023-03-27,-0.012293526897497187,0.02866068521837728,0.021926174378417596,0.00425816228784992,0.01671367409354918
2023-03-28,-0.0039801334281338585,0.003035139585203739,0.012476208989590898,-0.009654287980998322,-0.003884339920921853
2023-03-29,0.019790737206288878,0.002017389152686233,0.0171771075384064,0.009814270190559471,0.004317354108283711
2023-03-30,0.009889784796623724,-0.0030200552726855623,0.004864203462322747,0.0007826279690226201,0.00998405253910084
2023-03-31,0.015644339864216983,0.012116493364375147,0.001552607663769745,0.010232593413260549,0.012219322018864887
2023-04-03,0.007701635177446153,-0.0011510232498953554,0.05900046793358804,0.011935532198160903,0.008409594578871582
2023-04-04,-0.003249877140384383,-0.013368234226880826,-0.009558126239492148,0.01045598668456127,-0.009819002645824138
2023-04-05,-0.011290034752540534,0.0014910593753714174,0.01712733886646678,0.04492370191103001,0.01657256500174431
2023-04-06,0.00549579534156619,-0.0010969685048053401,-0.016582555437113067,-0.0027774431617477724,0.007550131643606406
2023-04-10,-0.015972335563705364,0.0032949057485589517,-0.0044327998761617415,-0.005025697757449099,-0.0019232893312589594
2023-04-11,-0.007591223746383768,0.004926095415235698,0.007071597391315354,-0.0003043909159323732,-0.0029232185014334
2023-04-12,-0.004353182252510246,-0.00015572786431206076,-0.0010401638490026288,-0.002130563921896589,-0.004864433805480184
2023-04-13,0.03410364743239991,0.0038132767729845973,0.0046862427229561465,0.013360247374343048,0.0010045854025853007
2023-04-14,-0.0021139652936523756,0.07550963750600226,0.0024184655390848686,-0.0016253485337092144,-0.006756279241820873
2023-04-17,0.00012080450733154002,0.00792953386705575,-0.011632790233198853,-0.0010250976567961478,0.007004237686394799
2023-04-18,0.007504929908531022,0.011227553256055067,0.0195291834437481,-0.028128163138338103,0.0022070291535207787
2023-04-19,0.0069683470446240126,-0.0012730143361516788,-0.003164022183666626,0.009440424308503559,0.0010676990085991545
2023-04-20,-0.0058463605279402975,-0.002903146068538698,-0.007978168414729647,0.006460325143275325,0.006399599389567134
2023-04-21,-0.009780918954138684,-0.0019175222982481532,0.0031996659209367895,-0.0054407299501688655,0.005033945918376803
2023-04-24,0.001878525642109885,0.0013520378075453365,0.01887770454481541,0.006084959947210589,0.006788503109816046
2023-04-25,-0.009435609906996434,-0.02174398025504065,-0.014213200028714734,0.00916434278371625,-0.007790090003016337
2023-04-26,-6.107539279054386e-05,-0.017723680929873642,-0.009182894623039894,-0.01549834319324861,-0.004354515454974117
2023-04-27,0.02839525825247602,0.013459032688762251,0.011953264399699792,0.0023366627813887764,0.0031146124890544247
2023-04-28,0.007540933278661344,0.008682904509006661,0.012924585757033702,0.004294534953386497,-0.0027083655888795466
2023-05-01,-0.0005302589888357412,0.02141174381127997,-0.03101231354355216,-0.0006107785257728482,0.004106797702563725
2023-05-02,-0.006191465799123885,-0.0161472242265549,-0.03985358071362044,0.008740738663902015,-0.002704848903140711
2023-05-03,-0.006467242242147786,-0.021163106374030405,-0.019709133673008417,-0.013088598367223203,-0.003703992839277692
2023-05-04,-0.009913481384508982,-0.013678801026585918,-0.017511489589636886,-0.004543353616211276,0.0027989662900509416
2023-05-05,0.04692686178260419,0.019535165960195,0.024896350996311156,0.003392175560609223,0.00863954107710585
2023-05-08,-0.00040338896765568233,0.0024130351667619454,0.003956537334956156,-0.002274226357204312,0.006259669450156435
2023-05-09,-0.009971080131524812,-0.004814931820294799,0.0002748930659695059,-0.007762815825438696,0.001702326797852205
2023-05-10,0.010420798877055937,0.0005127698275260162,-0.012827458844056117,0.003725284922464933,-0.002810903028067968
2023-05-11,0.0010947080622139005,-0.0031500784002277404,-0.018099069603730644,-0.004082740167951959,0.0037366291043270383
2023-05-12,-0.005417484769432268,-0.014333238336929677,-9.461457711978927e-05,-0.0013045505391824364,-0.00032664932948256453
2023-05-15,-0.00289727410711349,0.008426357807300278,0.001907040516759384,-0.0076500957769712885,-0.0077741616945414815
2023-05-16,0.0,-0.006729030896853949,-0.024269535872382897,-0.0013160075390077353,-0.013826677126748788
2023-05-17,0.0036031813402077617,0.030747558136245967,0.022434588037237857,-0.0021966947765845735,-0.0016691131377475354
2023-05-18,0.013665995655405272,0.007583905354454412,0.009063331564942878,-0.0032078964911378405,0.01297391907852763
2023-05-19,0.0006283770956150292,-0.0022939997301176795,0.004632733575244075,0.0027133116352111575,-0.01029903508949015
2023-05-22,-0.005480767318033819,-0.008262482574734387,-0.012140146354389203,-0.005389335302931952,-0.008805192952872853
2023-05-23,-0.015154905402187002,-0.010432519994216682,0.01362299744274642,-0.0003826105326726337,-0.0018844449577756217
2023-05-24,0.0016321010749065223,-0.009151608434292302,0.01118412492023002,-0.0009563587664637163,-0.004585069729836966
2023-05-25,0.006692327151079702,0.0024383000643664055,-0.01793848350842031,-0.014362425959483116,-0.009957330086451721
2023-05-26,0.01410466667263477,0.009360886595707107,-0.006530339224148918,-0.0003883809597724497,0.0017788936622666895
2023-05-30,0.0106597139066118,0.003797272883454328,-0.008859533490252813,0.00012958291110454212,-0.0024586038953811062
2023-05-31,-0.0002821203396099481,-0.012730997138268751,-0.017877779231888158,0.004469543287553224,0.00554571608809451
2023-06-01,0.016022666859459633,0.013779606117642285,0.01154824584795655,-0.0033534056977565507,0.0036765655282298138
2023-06-02,0.004775316430388754,0.021005873485217874,0.02321979288350784,0.015723831034069713,0.009565269338883908
2023-06-05,-0.007571090767336086,-0.009824274851167214,-0.004444152644483501,0.008600695127157776,0.006585085534673407
2023-06-06,-0.002060322290562411,0.001797282318456439,0.008167886706045291,-0.0008845460699228314,-0.00013347641498651086
2023-06-07,-0.007756418055724579,0.00968887841936339,0.022421173593623722,0.002149571217945123,0.0014688322222002892
2023-06-08,0.01546514933213694,0.0002842807667438052,-0.0031327952763573474,0.010976517143793219,0.014466713001109577
2023-06-09,0.0021598309184460707,0.001989633056666884,-0.007394392912291936,-0.0015598962130114469,0.006045767160738125
2023-06-12,0.01563871909422354,-7.076342680745196e-05,-0.009032503051713547,-0.0006875479861004896,0.006597519564285115
2023-06-13,-0.0026117070129170195,0.007233860926756819,0.00018792647384691108,0.005253369790527707,0.007787112769077398
2023-06-14,0.0034914789968898408,-0.0037318788242975964,-0.01202551300428556,0.005101276334319893,0.01010945293072174
2023-06-15,0.011198783543250102,0.011307981110872944,0.006941744782854586,0.013431626039894118,0.005482247370848237
2023-06-16,-0.005859988509304026,0.0011881297136226987,-0.007177109629728284,0.0030537755012436385,-0.013947917674831611
2023-06-20,0.0004868072961636827,-0.0050954828811754505,-0.022924135300457005,-0.0006089364351893334,-0.008808533263264806
2023-06-21,-0.005675287855418043,-0.0014734084661111035,0.011195494828954988,-0.001523115697544819,0.001945982101669852
2023-06-22,0.01652518406095549,-0.01925245527788888,-0.005487636697513065,0.010617509724725416,0.00835175513775166
2023-06-23,-0.001711249786238711,-0.005229941651111902,-0.008712604359211173,-0.0008452550610708043,-0.0018620416542119989
2023-06-26,-0.007553140383755097,0.0024487036361777736,0.018457147499345128,-0.01117967114782692,-0.002637292329048857
2023-06-27,0.015059174985602164,7.16887125178367e-05,0.0024931846630928955,-0.0020778732986223014,-0.003611633822663718
2023-06-28,0.0063278208783008605,-0.004382247940276307,0.008129972385065853,-0.00202080190831766,0.0054370491438047175
2023-06-29,0.0017962998285609988,0.034923230376606273,0.012333915642511517,0.006995666634792785,-0.0067598264364144844
2023-06-30,0.023102717561726216,0.014013906119163755,0.005154655168422284,0.008653133661586487,0.018797145838536533
2023-07-03,-0.007784619926746061,0.00804440474406487,0.001958194785175671,-0.013110277974174855,0.006489109462173737
2023-07-05,-0.005871437800617496,-0.0066613121241209106,-0.005118277521168779,-0.0033059712511142036,-0.0005687139168962796
2023-07-06,0.0025087027582617605,-0.009886498534210753,-0.037321084218776335,-0.007431624734717035,-0.006324779879324449
2023-07-07,-0.005891416315180753,0.007890176949934435,0.0023319722601367054,-0.014542118752678634,-0.02304118923668741
2023-07-10,-0.010855748977809276,0.005611773544712317,0.01483118053284116,0.0016326396769277274,0.009056028102582214
2023-07-11,-0.0028100026372511744,0.015638958091545252,0.012226531792915107,-0.005516785767162857,-0.0014849764841098345
2023-07-12,0.008985663711626124,0.004951975117947649,0.004907077609751287,-0.003467329477860992,0.0025218149833132752
2023-07-13,0.004057365865377749,0.004859800087071653,-0.018311664252968374,0.004617909909516937,-0.005869484300453975
2023-07-14,0.00078730647719083,0.006045507678117845,-0.03443655609104834,0.006674701771559377,0.003438563400877337
2023-07-17,0.017305654702422846,0.024103757295985906,0.0043590893972833555,-0.00500392809821415,0.0012287546677962613
2023-07-18,-0.0013404105563138424,0.0018255204959787275,-0.004537271792535935,-6.302675743641295e-05,-0.0018083404094813016
2023-07-19,0.00707164079076783,0.0038395701242917024,0.006936054843130535,-0.0020120377119486887,0.00032358508968988176
2023-07-20,-0.01009736606946543,0.01231769955764861,0.01761480093352863,0.06072849735032437,0.01849679417109762
2023-07-21,-0.006161464677521988,-0.007684873023705241,0.0046416804285194235,0.010749452790915326,0.00565172620218668
2023-07-24,0.00421997643771177,0.01968380975904349,0.015689482572271096,0.005229497493234092,0.005872021630281887
2023-07-25,0.004513811949622637,-0.007468206580217074,0.0015163957372950065,0.007657226132950168,-0.000815968489197183
2023-07-26,0.004544717260071884,0.005993784823686177,-0.005582891459850803,0.0019142260511058051,0.003580996258759628
2023-07-27,-0.006580894910622748,-0.011029244628786405,0.003140110646594696,0.005616196227702375,-0.0036308409349621318
2023-07-28,0.013508095993311153,0.005704415139172081,-0.01195223903479603,0.004547961743003759,0.004712235227657402
2023-07-31,0.003165850004313686,0.0066918499647743435,0.02957008460156363,-0.03983244620029258,-0.0003124829064586887
2023-08-01,-0.004275868146989548,-0.004938341671907875,-0.005781411983565188,0.008118005605755707,-0.004691674398389911
2023-08-02,-0.015489928288849764,-0.01132453141371903,-0.01247430412137207,0.00603947570667418,0.0006912019136438019
2023-08-03,-0.007321737158553887,0.006113483070051995,0.017380623101271864,0.0042962884595096895,0.00025130788409266636
2023-08-04,-0.048020038463597925,-0.0021106886583063256,0.0028006347746249993,-0.00937640354493463,-0.005776768598157789
2023-08-07,-0.01725359747063193,0.004742848952202117,-0.002047947058719357,0.024018045119333253,0.013578453762475906
2023-08-08,0.005311666548042826,-0.005613540291321439,0.004943815313490418,0.0004617997523723716,0.0009969813619872259
2023-08-09,-0.008954346390161794,-0.013407931053052269,0.016987044979876575,-0.0006349715050496529,0.0016184442292617174
2023-08-10,-0.0012346948290994364,-0.0014954842417189695,0.00511128809031125,-0.005200403738712556,-0.0004989573015116155
2023-08-11,0.00033744391887413627,0.005795799388194078,0.015528459502291536,0.00975795932893897,0.005865417083470437
2023-08-14,0.009393225110510883,0.002071961317760218,0.00080491004234573,-0.002358246927660068,-0.0074442112753129175
2023-08-15,-0.011200222954834027,-0.025457083771625144,-0.02567337848803619,-0.0028830997433234584,-0.005124922476597571
2023-08-16,-0.0049592236478875895,-0.004243162245193055,-0.01682701177386392,-0.003180037671126179,0.000502519199305107
2023-08-17,-0.014555315840771743,-0.01038699782466479,0.01937191876603217,0.009397145010876073,-0.0224160197376837
2023-08-18,0.002816260468985643,0.002287546290488107,0.015129142263289763,-0.008735141170423288,0.014387539078062561
2023-08-21,0.007736925735297717,0.003423542756754383,-0.012086577805077936,-0.02979876082132049,-0.0026595368783405293
2023-08-22,0.007904700674665976,-0.020738547270139573,-0.0056111675935999195,-0.007947412637769324,-0.003174401082607581
2023-08-23,0.02194905438916961,0.006763234780912342,-0.008788216392333292,-0.008974671889298458,0.006942270902540404
2023-08-24,-0.02617055638218968,-0.0009502054096119927,-0.007466118761546459,0.0034035203653750568,-0.00765344807056223
2023-08-25,0.012643154494008213,-0.0012222378200237305,0.01786549655517744,0.014338110540673243,0.0059277974904308195
2023-08-28,0.008846081813074003,0.00346813171806426,0.008406666625702996,-0.011789707504189395,0.005702638147389472
2023-08-29,0.02181035564474687,0.008132126201001677,0.00595425091031454,0.00012177555228354286,0.00837970162083268
2023-08-30,0.019172286074312428,-0.004033209302295004,0.009744123316429265,-0.003530150847784297,0.007185119450922928
2023-08-31,0.0011721878226802485,-0.012351493508565237,0.002796047323681883,-0.012520222840196604,0.008746931763924382
2023-09-01,0.00846357210734583,0.00334863137975705,0.020954970370949733,-0.007422322754646937,-0.00639567790779505
2023-09-05,0.0012667786542859272,-0.011033963954992454,8.811186290502704e-05,0.001246252493074529,-0.008046148747359205
2023-09-06,-0.0357934167153231,-0.0016529949855597081,0.008632051099784599,-0.01661680346729355,0.007487334734767703
2023-09-07,-0.029249462215400257,-0.008553921425316968,-0.004890428577184691,0.012784163058810138,0.012386273862566632
2023-09-08,0.0034918562258619,0.0007652024009685565,0.014567754588984183,0.0033119173889679665,0.0018352277316622256
2023-09-11,0.0066224722964971505,0.0043804287885955695,-0.01254197499674281,0.013079127698000903,0.003480487405255195
2023-09-12,-0.017060744147297746,0.01301367815021992,0.02916937952673959,0.005656071964416309,0.001095292928156244
2023-09-13,-0.011854756903008523,0.00047861380432712153,-0.008936907264959104,0.0025063193826773134,0.00024314010383164053
2023-09-14,0.00878250317141993,0.019397353107909465,0.01786333167289378,-0.001524573591074052,0.00419302167339497
2023-09-15,-0.004153876561322711,-0.00294805647678531,-0.015355997475263172,-0.013985670507734804,-0.0036914530971906556
2023-09-18,0.01691341918926681,0.0020832358933033923,0.008054729129494342,0.006317845306500258,-0.007410117356747348
2023-09-19,0.006180852322920538,-0.0012740794568241176,-0.002635090432456022,-0.0016618743782929046,-0.00024463218448955715
2023-09-20,-0.019992182349209298,-0.00423031418718145,-0.007926300958610577,0.004377506399017017,0.0032438864036161696
2023-09-21,-0.008889671836056712,-0.007821826991496583,-0.014089410414033443,-0.007673096528507006,-0.012140858689535516
2023-09-22,0.004944710664049001,-0.009582819186641833,0.0015685829129963302,-0.007175420361550389,0.002655707926686457
2023-09-25,0.007380350010537828,0.0049407264936043305,0.011223148313846742,-0.0014953990905852699,0.004434873686411267
2023-09-26,-0.023398528033861776,-0.01037901842909339,0.0015485996466428897,-0.007737557799686323,-0.003495500188086642
2023-09-27,-0.00889732715949787,0.005865034367623645,0.03255739069881414,-0.012010899601677782,-0.004799914995070154
2023-09-28,0.001525464347409189,0.012415726587010179,-0.006073093424393661,-0.0014638895951621933,0.005070488117460803
2023-09-29,0.0030466441159793245,-0.017413058125952063,-0.015819953121836372,-0.00720307480891802,-0.016057587997608036
2023-10-02,0.014835482672802325,-0.008619281784964405,-0.0165844484428328,-0.003852406599224034,0.0010629470854099932
2023-10-03,-0.007769876920428631,-0.0073730692785983765,0.0017295704187754168,0.0012244841567301545,-0.006308576503818553
2023-10-04,0.007308547025184575,0.0044848212113564045,-0.03738240448416141,0.001158911671333751,0.012005890514147577
2023-10-05,0.007197990650368746,0.004216348804081171,-0.022511234851648965,0.010416742349288244,-0.011925518089675347
2023-10-06,0.014750573677138501,0.015395185750533669,-0.01669871550243851,0.003182064710794519,-0.01678398619115229
2023-10-09,0.008451077791024941,-0.0022741814942690564,0.034991255171594515,0.005708852626979732,-0.0036442642913521173
2023-10-10,-0.0033522404834663844,0.006078642457753469,-0.004237342814188305,-0.0011351006665545338,0.011293425350018982
2023-10-11,0.007904236115722663,0.00343293953362811,-0.03585345132176698,-0.013766275411130957,0.003997359773170617
2023-10-12,0.005061185885689046,-0.0023264833047089706,-0.00018769912889105012,0.000960636256342351,0.004550574167857757
2023-10-13,-0.010292879631451424,0.015019470115029687,0.03193397950121013,0.0033262089062848776,0.005536378663572927
2023-10-16,-0.000726694226974689,-0.0010134635406218173,0.0007279290330881594,0.004335278639806095,0.008634071248415642
2023-10-17,-0.008784822471215925,-0.0021641395025663313,0.013097020502880419,-0.009140924216656132,0.0013027862688392844
2023-10-18,-0.007394732764283929,-0.010980821482711955,0.014004813346757405,-0.02152643857789882,0.000743355274507973
2023-10-19,-0.00216120041477319,-0.00424942765244074,0.0006196719801072614,-0.0026842614609053905,-0.00476666112488755
2023-10-20,-0.014704071580116773,-0.01610570457933269,-0.017165003845874494,0.004464319318121968,-0.012502350742540802
2023-10-23,0.0006939106899281899,-0.01364091282307378,-0.014674153329541917,-0.010522930716192702,0.014172333197123743
2023-10-24,0.0025435284128652036,0.0012052697242854737,-0.009684860852724353,-0.0010568874122393046,0.013912229853926261
2023-10-25,-0.013491715739853527,-0.005454148464108077,0.001845254065579116,0.0022483031145952292,-0.0030014381408793867
2023-10-26,-0.02460552078379008,0.0025642062848061364,-0.009116854577783995,-0.016956113150969565,-0.00608255336483654
2023-10-27,0.007969253890315331,-0.03601892498550763,-0.01905211202295387,-0.02281841112663241,-0.0037091727083268244
2023-10-30,0.012305389144486423,0.012749855235882013,0.0031264515397220194,0.009821311185044257,0.011478620150326302
2023-10-31,0.0028188576756134065,0.011934095665159683,-0.00028317075864714436,0.008909704871959523,0.002392410704971093
2023-11-01,0.01873850380135833,-0.0008628941885310271,-0.0019841089923631205,0.0023595396746896036,0.008934643080804827
2023-11-02,0.020693382043375452,0.01784936316491703,0.03284751524394869,0.010424409120508571,0.003942298345465334
2023-11-03,-0.005181095346733833,0.011172528554305616,-0.012189597997759427,0.007321344257910978,-0.005195609162270132
2023-11-06,0.01460501542314141,0.007552412705460254,-0.017721189308807173,0.00237886492810202,0.0013360976237788424
2023-11-07,0.014450865805105462,-0.00048581713802497983,-0.015679644098482104,-0.005273638238603717,0.004669958712023803
2023-11-08,0.005884876648691639,0.004930193604478328,-0.01228283996944357,-0.003644662075362959,-0.008149697713212278
2023-11-09,-0.002624570932373782,-0.0029714430869198782,0.0002914500593411695,-0.019487677451070495,-0.0023127442024691858
2023-11-10,0.023220045621431984,0.014831295818296564,0.007672887962539177,-0.0011534298391048248,0.013848183190126262
2023-11-13,-0.008583722636924196,-0.004438982826290183,0.01050592855929633,0.002580920216377125,0.008965761851689846
2023-11-14,0.014285871885900914,0.01824665977553619,0.003850407125642441,0.00020293909384716535,-0.0001791121811356433
2023-11-15,0.0030408423258487804,0.008757859809931157,-0.0060410204102041565,0.0077203614306249335,0.012705083378870885
2023-11-16,0.009042131304364709,0.011419877485171925,-0.011576207166516306,0.008736609346871038,-0.08092829419819603
2023-11-17,-0.00010559236543583594,0.00904576181769512,0.024399749326902365,-0.002065408019101378,-0.004421890914479865
2023-11-20,0.009278372171869442,0.0030754674849278185,-0.0043826883848543385,0.008815759185971439,-0.0003219602429656021
2023-11-21,-0.004230807302152084,-0.002087548911259396,-0.0003827531769751147,0.008071569780778276,0.0036062034913251217
2023-11-22,0.0035145385362536086,0.0023532863769069046,-0.004307901544130632,-0.001985318244332901,-0.0076350784114823655
2023-11-24,-0.007004459629214588,0.0013696330229824305,0.005384109960980377,0.011139242609324418,0.008986789549933594
2023-11-27,-0.0009475672927250489,-0.002279529235218014,-0.005833437654312323,-0.007999991352295566,0.004549446205046159
2023-11-28,0.0032140425379894033,0.002284737360826794,-0.0005771922390436224,0.0023133916719206837,0.01192825209401338
2023-11-29,-0.0054096616757077776,0.005080280401802417,-0.015014460623868908,0.003165825780432563,-0.016137065333528655
2023-11-30,0.0030628650731840956,0.011405042522905529,0.00390856104738968,0.016764181099843123,-0.0024986362716996613
2023-12-01,0.00679124809338405,0.004869159670059409,0.0024333905523215016,0.02405276208023399,-0.008671134985027251
2023-12-04,-0.009464595232522743,0.00733225959002981,-0.005437352494831682,0.0031569453891433508,-0.000259253704389506
2023-12-05,0.021063266931127478,-0.00012658402859810902,-0.01942788675353957,-0.0020769791687850203,0.009267661761000356
2023-12-06,-0.005687002157738985,-0.010508214202784805,-0.013241848497623221,-0.012172778216884228,-0.010852062263437046
2023-12-07,0.010139355098596425,0.00307056502723424,-0.0069619414540634805,-0.007789860792721592,-0.006581216200902906
2023-12-08,0.007412430743985787,0.011034045056294461,0.011481468828438146,-0.006306083349094882,-0.0104944493495428
2023-12-11,-0.012927447167934925,0.003658867323036219,0.000703081994999577,0.0041444435121411605,0.002518901903843629
2023-12-12,0.007920046403211423,0.008925270727245582,-0.015759696640098353,6.463749580731815e-05,0.000793333539764518
2023-12-13,0.016691604232852653,0.003363799146586244,0.008872981955022397,0.00464286211640319,0.017772070007085805
2023-12-14,0.0007576511176934364,0.018192085412104264,0.026890474495166794,0.006932267071636078,-0.012203709286629172
2023-12-15,-0.002725744128225016,0.007561457562804463,-0.006694174806323394,-0.010900471642695697,0.0037457101910134405
2023-12-18,-0.008503287955207606,0.006051968331678426,0.007432798329623402,0.0018044335689240132,0.014599985286000372
2023-12-19,0.0053600745993585,0.01335550035430888,0.013182555023412812,0.006562060017672566,0.003613645949558597
2023-12-20,-0.010713813489896862,-0.011279614643663782,-0.01670074648865494,-0.020388396364139028,-0.011701740693790041
2023-12-21,-0.0007700608216455462,0.00570409933685978,0.004542464662762313,0.010243262838280476,0.007091177365553536
2023-12-22,-0.005547536611631321,-0.0005970819395223481,0.001769452080859324,0.004004169079821374,0.01195097959403646
2023-12-26,-0.0028409371941551242,0.0059138791350952236,0.0022568046557340793,0.0043739663271715745,-0.0015320959338277484
2023-12-27,0.0005179474719338995,0.005997876816947301,-0.004699407728083749,0.0013450424522425397,0.009398214273086625
2023-12-28,0.002226325026021936,0.0053130846781048735,-0.014459996799251473,0.0014711278119385884,-0.0019633817088605676
2023-12-29,-0.005423957404916191,-0.0011744349985239877,-0.0020958557550260215,0.001021949435664249,0.0005076421879781634
2024-01-02,-0.03578684212025174,0.011640301730288183,0.023804643999328468,0.02060711678947258,0.01040302669329729
2024-01-03,-0.007487542809373138,-0.004358598076120046,0.008401644856156576,0.006251341564238899,6.256693905326571e-05
2024-01-04,-0.012700041837226728,0.006636309195911183,-0.008719225750923876,-0.002112378711294327,-0.00966727993696126
2024-01-05,-0.004012969537175892,0.005017080891458026,0.003029740890942545,0.003112828008145163,-0.006655693181166433
2024-01-08,0.02417483007973198,-0.0014512067438452458,-0.01666177407510716,0.0024823710121595344,0.009827054384767164
2024-01-09,-0.002263286696465361,-0.007906109030657249,-0.012386040425411582,0.0006191580797221263,0.006698286102457818
2024-01-10,0.005671302224690811,0.0021094297048522836,-0.009832468827784102,0.0014847743317418782,0.012428579595334943
2024-01-11,-0.0032225988884277967,-0.004209884723951229,-0.00020272769350748732,-0.0044479228141390825,-0.0011159607778853387
2024-01-12,0.0017781638450615755,-0.007339969680722147,0.012972468004935012,0.007694661242490186,0.0013034453111682165
2024-01-16,-0.012317142110678136,-0.006270409557171064,-0.022611096962167565,-0.01151552742067774,0.003161483122454678
2024-01-17,-0.005173673243239252,-0.0053575825200004035,-0.007268025921316257,-0.0005606149655543735,-0.004696305231483344
2024-01-18,0.03257083477025913,0.0019751983306817156,-0.0018559464488087096,0.004862176176025246,0.01347227929453143
2024-01-19,0.015533083253324032,0.017261762511343814,0.0015495409211365718,0.0029152151859099806,-0.00526821725408011
2024-01-22,0.01216331773640067,-0.0011742508579792865,-0.0013408634882037251,0.004886270135574522,6.159372532410501e-05
2024-01-23,0.006653164168152204,-0.006583951478831951,0.01125809090457075,-0.016372265142179043,0.0025248249088813957
2024-01-24,-0.00348398638690961,0.008935433220726097,0.017260567108085434,-0.005318918490699653,-0.014127695669539087
2024-01-25,-0.0016964684171324462,0.014310913436752726,0.02540161692192422,0.0037745953287022793,0.014579261768810081
2024-01-26,-0.009012909470168973,-0.003816394969447967,0.008518515916451808,-0.0003759574828143819,0.008781721486791128
2024-01-29,-0.0035859719435982207,0.0026119458016111707,0.0012620231397368897,-0.0008778741101240772,0.00468729003608126
2024-01-30,-0.01924580978809909,0.02049451693258053,0.01667815860689692,-0.0037023309758312806,0.0033324849192617467
2024-01-31,-0.019357441620322935,-0.010835765168433653,-0.019456285206811197,0.000818887297559856,-0.0020531642633735414
2024-02-01,0.01334050294490119,-0.003613120603613851,-0.004085214623088196,-0.003398293788240192,0.018517350234099617
2024-02-02,-0.005405107849234203,0.0057561366007072845,-0.004101809088646768,-0.011050860189130485,0.007486187853028792
2024-02-05,0.00984662219290322,-0.0013163758331693476,-0.004119112327734209,-0.005172029777485654,-0.005366535751912815
2024-02-06,0.008631751018462586,0.003438349997488821,0.006893089697912247,0.014505677376704496,0.006818558708107103
2024-02-07,0.0005810776256720551,0.0018846584613321227,-0.00029334094034250136,-0.0005060338170760348,-0.002532228504519618
2024-02-08,-0.005754725750713896,-0.0035912661199970497,0.017120058336065558,-0.010001419114639365,-5.897875882432402e-05
2024-02-09,0.004093959478346898,0.0012013112674036375,-0.02116001900249731,0.002301848561784725,-0.0005315348637128237
2024-02-12,-0.009001957362751778,0.00445701386778663,0.01375637674688801,0.006953307721565993,0.006025643601058839
2024-02-13,-0.01127432076027346,-0.00870358945535743,-0.008608698690046768,-0.008742367151014618,-0.006811485586360577
2024-02-14,-0.004809684958424487,0.010157333606491514,-0.0049339352224210264,-0.004665375733261423,-0.003192641584815803
2024-02-15,-0.001574930180636147,0.0218144488760883,0.028659297462498845,0.013997586889393787,0.004092478855758586
2024-02-16,-0.008430131955983078,-0.004669977748897991,0.0,-0.0011484582141589872,0.006320476773924666
2024-02-20,-0.0041138767657763475,0.003909877362719083,-0.009447654263924243,0.008367926671667636,0.032284662721774104
2024-02-21,0.004185924012777731,0.006509812946220883,0.020437984744340776,0.005194391176831292,-0.01228264187367012
2024-02-22,0.011243884135513138,0.011995611387705774,-0.0008584187041299485,0.011154564666482347,0.009844566710560443
2024-02-23,-0.010034077192944912,0.005025450511742191,-0.008781889605527504,0.008663247334069757,0.0008551411774491147
2024-02-26,-0.007451256000776119,-0.003424272003512918,0.003948220956124571,-0.006488081091460596,0.018455280978279864
2024-02-27,0.008114288361124489,0.000490875090750853,-0.0021103458567751643,0.0011817307318571224,-0.00016774609203928925
2024-02-28,-0.00662538431925086,0.005069478175366626,0.0027877747934397235,0.003540906047539538,0.0005033885261642723
2024-02-29,-0.003693121938747823,0.00911158453079386,0.0019171655174556879,-0.0010524169892428548,-0.016940685037594383
2024-03-01,-0.006030438764258461,-0.004138467619183239,0.012629048741895854,0.004585452524888067,0.002559362555772937
2024-03-04,-0.025381243237121875,0.007501756841048257,-0.013983235581767728,-0.014063725496132329,0.009189983939438484
2024-03-05,-0.028440919616455895,0.010017110683284258,0.012265267145792791,0.0008133151127274196,0.012478852905113857
2024-03-06,-0.005878180958280632,0.005197435423534458,0.010696628327222069,-0.0039380897840698426,0.008827544866602643
2024-03-07,-0.0007094176053589196,-0.008758111483688769,0.00561959732271089,-0.0029496892548369624,-0.003467095584461899
2024-03-08,0.010236355944540643,0.001862951195797491,0.009406686600506697,0.004091506984684745,-0.00397625501523613
2024-03-11,0.011831812231982264,0.0003717436228367621,0.005905202064891091,0.010719325102093835,0.008982028701025602
2024-03-12,0.0027784886386181817,0.008231945362805915,-0.006421026012957798,0.009365539874727657,0.012364022105231687
2024-03-13,-0.012122573688794436,0.008112213775829158,0.011170787037683594,-0.010077160818071751,-0.002116936250040835
2024-03-14,0.010927482123590293,-0.017817955828866694,0.017712093573324594,-0.011732007651538923,-0.0008513870658291012
2024-03-15,-0.0021966995207152173,0.012395587691282017,-0.0017943413137372355,-0.006469480600087341,-0.00557204220154317
2024-03-18,0.00637245243313167,0.01240150435474452,0.009256844772576933,-0.008977054902519321,0.0029665095749829007
2024-03-19,0.013585075942063485,0.005865079630062331,0.007034734364375961,-0.003508378999696582,0.00016429365737846702
2024-03-20,0.014709331076680154,0.013107076405569629,-0.00088424574795265,-0.0028809123402272485,0.006242711388984468
2024-03-21,-0.04085748098686326,0.013905098981334074,0.004425141652453224,-6.40721978129033e-05,0.003265334150464705
2024-03-22,0.005310001359161598,-0.01225774590643025,0.0,-0.003338585489343404,-0.00943849602868696
2024-03-25,-0.008300277657825372,-0.009154432049476191,0.010221302771787677,-6.439633912613818e-05,-0.004928513816894631
2024-03-26,-0.006672397334833047,0.004670847476598405,-0.007501242672486308,0.003542975361491285,-0.0009905461536813265
2024-03-27,0.02121244208531503,0.01936357846291581,0.010369942024363477,0.01405937536760371,0.003470445977146408
2024-03-28,-0.01055924414256948,0.003909330422284807,0.01104644014492373,0.0014560360087709778,-0.009058144315136962
2024-04-01,-0.008455580183682199,-0.006789939245249954,0.006452161639136866,-0.002591674312204084,-0.002825216242177242
2024-04-02,-0.006998872077350837,-0.0004020721183517484,0.019574315881464965,-0.00031698531104373817,-0.01399997615583759
2024-04-03,0.0047973779096968094,-0.00281604125395718,0.00016771319934072437,-0.02199965708677476,0.004563992828700236
2024-04-04,-0.004892400467636726,-0.007608474754681627,0.0035204858155402086,-0.011409373765090214,0.0011777280871443363
2024-04-05,0.0045018152539810785,0.00920007089800956,0.013782241917243976,-0.0007212552738372624,0.005882304635700608
2024-04-08,-0.006663426035752651,0.005216568483534356,-0.006756264803188916,-0.0052496498479901454,-0.0011695941570973867
2024-04-09,0.007242350341852832,-0.006700979233231319,0.005225937987638707,0.004617819752746444,0.0001673926231902101
2024-04-10,-0.011139154611204183,-0.008521288055250764,0.00841742251541322,-0.013723818716720348,0.013881913547550528
2024-04-11,0.04327082374893498,-0.00020472695983331235,-0.0033551537611944404,-0.009387552191191362,-0.008743005270151483
2024-04-12,0.00862676182007105,-0.0646779242374772,-0.011659513692801715,-0.008535393541843628,0.0008319947043764486
2024-04-15,-0.021863676057316317,0.0005472781113946557,-0.0057324050340997745,0.00047444459317813603,-0.0034918628494234882
2024-04-16,-0.019167312320941488,-0.011427633800647485,-0.008271985308246799,-0.021275366952081542,-0.0015017845309345246
2024-04-17,-0.008147237668154061,-0.003982321935807831,-0.0005055013845222112,0.0022153739932988525,-0.0031749194169211625
2024-04-18,-0.005714278368982861,0.006496858332140754,-0.0009272677050503608,0.00670025401273322,-0.006538279389606827
2024-04-19,-0.012212674061448214,0.025103600093890455,0.011474907997980344,0.014889552807132667,0.0045561594991567755
2024-04-22,0.005090855923056026,0.019429386489927758,0.005672260708159849,0.00818067637499098,0.010246937032241998
2024-04-23,0.006391888892878006,0.014413348725129227,0.003898524139452686,0.002950742836755005,-0.017459314247117663
2024-04-24,0.012702029749899424,0.0048921766529017585,0.0001652198940871319,-0.006886907240775009,0.013200224596847665
2024-04-25,0.005147461920618435,0.001501918759593046,0.0023131061515089257,-0.011512798460378004,0.0056791376046998465
2024-04-26,-0.0034728117581493967,0.0006206029257467272,-0.027775519958085138,-0.004631453814946007,-0.000830466324499679
2024-04-29,0.024808044540281404,-0.0010853402142884105,0.014242122458945072,0.004653003988017268,0.0013297725456093978
2024-04-30,-0.018270916215648136,-0.007967699062813915,-0.011451091084163645,-0.015188757121627705,-0.01477418696744448
2024-05-01,-0.0060470730596076105,0.0006257953249879655,-0.018939607595134023,0.04557712372367373,-0.008424802853540747
2024-05-02,0.02203179363520502,-0.0010423954712920347,0.0018098864083258004,-0.008334337059619834,0.014613563911841876
2024-05-03,0.05981633006920939,-0.00600021605415868,-0.00206476568458136,-0.004335872777731509,0.001842233556145878
2024-05-06,-0.009106700663984002,0.007821124311691463,0.006465653930380677,-0.004622076649684392,0.0008357499728821605
2024-05-07,0.003796988571852955,-0.0013021899157140693,-0.004967946675503154,0.0009420094366112686,0.012527282829331465
2024-05-08,0.001864209063384692,0.020339082540901998,-0.00017213190811815604,0.0015464997764076394,-0.005278856466573334
2024-05-09,0.010014351436131275,0.009455601183823603,0.019715806059417362,0.006042334233973712,0.005791169783625039
2024-05-10,-0.00689028833390426,0.006430417595455262,-0.004052686742306633,0.00040046842140539773,0.0006618434398999451
2024-05-13,0.017645408926010964,-0.000201247655026493,-0.0004238347330461911,0.008738568900687138,-0.0011574116565459258
2024-05-14,0.006173439293038818,0.013988803325776011,0.0060705295588476815,0.0010579883421131253,-0.009104431097830323
2024-05-15,0.012217948790652189,0.0029775097567634745,0.007733382819104406,0.00852153598611105,-0.0005010782618518617
2024-05-16,0.0006325060360075074,0.0017812972333886012,-0.0059874579124636895,0.010545734726157496,0.06986449324933819
2024-05-17,0.00015798598460636804,0.011458506315645822,0.015016581629192505,0.002333497948950214,0.00999852667512191
2024-05-20,0.006162102739573294,-0.0449728377974945,-0.00810767224511344,-0.013885341746883828,-0.007270018490021957
2024-05-21,0.006857323199947585,0.020145231065027858,-0.0069099348088328405,-0.00019826605179873447,0.015113685705791857
2024-05-22,-0.007538507999754307,-0.006064576254141363,-0.020110346332406603,0.014942974865974845,0.001534899547518176
2024-05-23,-0.021057980233345597,-0.007009294746806005,-0.017059151580460452,-0.02475551938241194,-0.006283557119100114
2024-05-24,0.016588079319971305,0.019246339045129846,-0.0007930403736146063,-0.018236741672955414,0.008328301379651348
2024-05-28,5.2704272435422084e-05,-0.006028620533856555,0.012696258495458634,-0.017622302656381206,-0.005200275644816621
2024-05-29,0.001579098943894408,-0.006967405780141878,-0.010708714999175806,0.00041545506324047743,-0.0018450422082003648
2024-05-30,0.005254959648968827,0.006158098812685919,0.0031682345232493248,0.005815528488033461,-0.0004620831688501026
2024-05-31,0.005018760256778831,0.01655564706482493,0.028686690840619367,0.009567655299432376,0.01340726720226093
2024-06-03,0.009258729536799182,-0.0039973567673659005,-0.02396391503897377,0.007295485301586524,0.0009123613050285861
2024-06-04,0.0016491897907586761,-0.013180162609947255,-0.015552502331890206,0.0004058966735367431,0.01185059577891101
2024-06-05,0.007820931934811481,-0.009540062216435885,0.0039938907546646085,-0.012381578691636808,0.007357149834094745
2024-06-06,-0.007096473870239595,-0.0017743559368383899,0.007514190999237114,0.0030828626060372954,0.0008942746910856059
2024-06-07,0.012391906753969062,0.01543848355965749,-0.010704707704317418,0.0045074432778842155,-0.018912655994228644
2024-06-10,-0.019147764933563627,-0.001700270136974713,0.0029267852779297776,0.0003400778052116138,0.01639329916328225
2024-06-11,0.07264912610117769,-0.026301355292085327,-0.008047288260513596,-0.0025148598334340244,-0.003434882780930959
2024-06-12,0.028578495156828865,-0.014560471289204568,-0.011054710447188643,-0.009198582536715239,-0.006294044299984591
2024-06-13,0.005491072596936375,0.011120983444697696,-0.008022968173718947,0.0002748965845298379,0.005881336994335795
2024-06-14,-0.008168475691943344,0.0006195909114887765,-0.008451574500504822,0.0006190447073461947,0.004797820166543065
2024-06-17,0.019671599445914234,0.006192485092822553,-0.006873796155664302,0.002816984962996205,0.005968406261275927
2024-06-18,-0.010984524165931875,0.010360061436324619,0.009413187346219543,-0.0020554862300770083,0.0026698076349518374
2024-06-20,-0.021512816057792095,0.008477133416914695,0.021576161014640993,0.014624067401480367,0.006065176881496104
2024-06-21,-0.010444513142826573,-0.011929401685424224,-0.008770411304147685,0.006563863662196523,-0.001470410003370115
2024-06-24,0.0031326683874219885,0.01314331575819816,0.02970382350498091,0.0024873618929350805,0.014578220065341263
2024-06-25,0.004468295748706108,-0.004072809416909684,0.0028058535687529584,-0.012942610258314557,-0.021480530488334426
2024-06-26,0.019993165460257867,-0.0032312609707165763,0.00034966072800268755,-0.0025137244303957695,0.012904147272986277
2024-06-27,0.003985888053604558,0.0088132036660582,0.004282832197936459,-0.006947351456285333,-0.006004008680873807
2024-06-28,-0.016254101352429107,0.015514476383712728,0.0019147271995454407,0.0024691212357226267,-0.0025043473150975215
2024-07-01,0.02910467066246647,0.015771655286693553,-0.0013898870810233888,0.001915845588663867,-0.003396605856452628
2024-07-02,0.01623994255906247,0.016451812321871317,-0.006784853688976189,-0.0027998939178888183,0.008743164730302677
2024-07-03,0.0058110496240728615,-0.0006704351496967798,0.005079630453509232,-0.00232831199603023,0.0024974711688063866
2024-07-05,0.021620168644963744,-0.013250532888875566,-0.012112151114007985,0.005422421893319429,0.026377491006739362
2024-07-08,0.006538942708383733,0.0018556747614955071,-0.010496495225285507,-0.006826756862820749,-0.0051397642807350374
2024-07-09,0.0037749249751495295,0.011989985625997512,-0.011053796105909508,0.01079189017994775,0.0031571259677272145
2024-07-10,0.018803507812795717,0.0008187727154482793,0.008833581950442149,0.016184690399341672,0.007296371397162993
2024-07-11,-0.023220814306413984,-0.0016842574342956773,0.011883417270983632,0.0018072359162941698,-0.008663698694176936
2024-07-12,0.013050926528869411,-0.012099255559543609,0.00017659558893323712,0.0012023975097330553,-0.008023175035181351
2024-07-15,0.0167432758287982,0.024934001904047154,0.017127326755494776,-0.004270201215744729,0.005343961696844479
2024-07-16,0.0017919260217862387,0.01699598002266489,0.0072042149863984495,0.011859966249538001,0.005458925822179772
2024-07-17,-0.025296029121242625,0.015213801313420428,0.013788392836700858,0.03688520758186087,0.014859273195636957
2024-07-18,-0.02053485990203685,-0.03177011992123291,0.00986059827161756,-0.007408481512637399,-0.002956398550691297
2024-07-19,0.000579943811415573,-0.0009524950387570508,-0.022979957288967623,-0.004697009424823317,-0.000988424922609088
2024-07-22,-0.001560339562192925,0.002383621566177885,-0.0068923446454906,-0.0029090793112297453,-0.0052297952866543485
2024-07-23,0.004688196517290688,0.00023780290381170133,-0.01613594048982747,-0.01225350675150283,0.003836284011653257
2024-07-24,-0.0287541998659,-0.008272817622531847,0.014108075704747591,0.025795658095384644,-0.0007076222283142197
2024-07-25,-0.004804539028368304,0.00038349114452551625,0.021041639098533516,0.021500060023835088,-0.008215422212869306
2024-07-26,0.0021610842081278836,0.017108303595144703,-0.0008515476905460728,0.006263989289733152,-0.003427414397254469
2024-07-29,0.0012845818864766212,-0.006549196850254457,-0.01048334771610282,-0.012948064382477642,-0.002292912959630633
2024-07-30,0.002565938289724068,0.020583459045771857,0.01782949722236027,0.017469810891446613,-0.00617645636978259
2024-07-31,0.01499083349056729,-0.011106436479739523,0.0035543119573155924,-0.02157086484149917,-0.00794921922063263
2024-08-01,-0.016750587231237346,-0.02274433381010632,-0.013829192149324654,0.018435269180880454,0.016754288482442536
2024-08-02,0.006869334430451568,-0.042412127537162614,-0.0005985649305876306,0.021024972454847024,-0.019057351222866004
2024-08-05,-0.04816701375136423,-0.02129161299563742,-0.018052732061078824,-0.017606704016228103,-0.012708117183247603
2024-08-06,-0.00974824110319894,0.02791179981879499,-0.005315010009225851,-0.014139651502800943,0.00221932086291865
2024-08-07,0.012498227133290074,0.00029952202665461947,0.013314638963180636,-0.0004403150544564083,-0.012252726633061428
2024-08-08,0.016633232811518406,0.018263468564245766,0.019104432203887134,0.008307062463627002,0.011209144485928357
2024-08-09,0.013735924879927586,0.008526933726787034,0.008143238533607766,0.0024965864015202843,0.004285971061692706
2024-08-12,0.007130018239465574,0.001895086280545799,0.0012620947875754407,-0.004606985582494394,0.011037585553957285
2024-08-13,0.01719300928483758,0.008487274409174628,-0.009579774607319957,-0.009319551914401036,-0.008297022613593885
2024-08-14,0.0020336764469865987,0.011060886219720789,0.009248179139500712,0.0005682655359555699,0.007779471074641053
2024-08-15,0.01353058112443084,0.0062309414227224025,0.0061865312519646665,0.0038491283419634925,0.06583149607907446
2024-08-16,0.005918559130986933,0.011439438573642935,-0.004716672184123749,0.0018856116021628289,0.006550418012462478
2024-08-19,-0.0007078915477476411,0.0069167591690288965,0.0030464814024346865,0.0015058334883559787,0.0036759611916650226
2024-08-20,0.0027447504671989087,-0.004316405536517576,-0.033324828150936736,0.0033200731034224162,0.011123224009884636
2024-08-21,-0.0004856191783777497,0.00037289023507880437,-0.006371187104281084,0.007929405069663442,0.009390954309639987
2024-08-22,-0.008259740905813606,0.009459405493261075,0.007729542601329964,0.005699400291710788,0.004518907631570368
2024-08-23,0.010288138741991082,0.007755231158910192,0.013858485552866506,0.010963733091338579,0.001587649105495581
2024-08-26,0.0014988273305740485,0.00393932472714309,0.021406423297635868,0.0029244938522443586,0.00435937085655036
2024-08-27,0.0037414943871150186,0.004608338725918371,-0.009510864355897097,-0.0025706958615582254,0.0013151421178070333
2024-08-28,-0.006753418088380592,0.00504127598420645,-0.00985725249572944,0.005952629833527734,-0.0006567584175999341
2024-08-29,0.014570133705504418,0.004157513450144812,0.013817324946343357,0.0018910425407436815,0.004469014756142364
2024-08-30,-0.0034378589403147863,0.011655564068036695,-0.0016083503938382204,0.009925196429130034,0.010599395586611271
2024-09-03,-0.027205293899992045,-0.020017753006871364,-0.02094285830944198,0.007838020776178789,-0.0007768647016137553
2024-09-04,-0.008618736678376093,-0.004403183445046421,-0.01221106158463714,0.0011966566844101578,0.0009069293570587167
2024-09-05,0.006927900439995582,-0.00775074156785982,-0.007802817660779282,-0.014161301188585718,-0.0036250337942221877
2024-09-06,-0.007015085800555543,-0.023755973057178803,-0.004683173316226474,-0.003697225431076978,-0.004157882017902237
2024-09-09,0.0004076198858860014,0.0204744002643249,0.02104045374517427,0.013566136249281602,0.0091335323339512
2024-09-10,-0.003621463301019312,-0.05188886626076361,-0.03643165433839535,0.004621549209420817,0.019006868733866256
2024-09-11,0.01158515618615863,0.008124220996632348,-0.009925881243367685,-0.015294552721156651,0.0003805957481708422
2024-09-12,0.0004939468704443506,-0.003039956309211722,0.01376214464968184,-0.0010920762465647105,0.01040096337551133
2024-09-13,-0.00121208646847637,-0.01103588714301218,-0.0007190977382024455,0.0053450394932235135,0.011800132962266563
2024-09-16,-0.027775036649101748,0.01732577496468579,0.014035021468800979,0.008881147639092868,-0.000496287434568865
2024-09-17,0.002172465432101145,0.006687123533288153,0.01304234078676969,0.0004790920727768544,-0.024329773313826908
2024-09-18,0.017989898283744532,-0.008219775971288534,0.0035033063232630113,-0.005506679492897293,0.00547086806245356
2024-09-19,0.037065480075272106,0.014214757881381601,0.01239301813194249,-0.008004943300176315,-0.01252685801216602
2024-09-20,-0.0029273012404273935,0.0028982124315832802,-0.006293195419341369,-0.004004279570737346,0.013070221343731037
2024-09-23,-0.007581087231352757,0.0016580069223219862,0.01813144805866851,-0.005726254968809852,0.01606368757814347
2024-09-24,0.003973893818747465,0.0007092692969639103,-0.0026414514217607543,-0.0026955239204433656,0.004232476854352463
2024-09-25,-0.00439809589083362,-0.006616432308544917,-0.01947904745411322,-0.013392338982467167,0.00904936283987956
2024-09-26,0.00508016686976176,-0.00195066770674035,-0.017164532053361548,0.004919060705824485,-0.018181878915042637
2024-09-27,0.001186713809709028,0.0034322968178435165,0.026773100917351744,6.17773534201671e-05,-0.0017518338994731986
2024-09-30,0.022872078754435865,0.0017102404594158127,0.012087562081434244,0.0040892285313505194,0.012158645182040795
2024-10-01,-0.029141635926272724,-0.018116358395851684,0.02311896731693963,-0.0004318463903009162,0.006439366170800875
2024-10-02,0.002519807793746498,0.0012073913052159657,0.013257737229609212,-0.005062193357271982,-0.010335734282586273
2024-10-03,-0.004894781932050729,-0.009937652180102674,0.008722823969662397,-0.004156926031401387,0.0
2024-10-04,0.005007357765492104,0.03549374885000156,0.018355415064772007,-0.001308532597956491,0.006340869651895398
2024-10-07,-0.02253081170419058,-0.0013731350207040194,0.004325882966245365,-0.004741368135522062,-0.02273293992917802
2024-10-08,0.018404029552998136,-0.0008531991070628298,-0.02656136607020909,0.0010028902381917781,0.007711782573714743
2024-10-09,0.016698337533360696,0.01266884342739627,0.00040965110270207994,0.006011716199629591,0.008656326077754795
2024-10-10,-0.0021782588769780897,-0.0027175168619330003,0.00860014989516067,-0.0008713735006004031,-0.009825600613607266
2024-10-11,-0.006505309307011986,0.04439952077014153,0.003816890710794718,0.005918485676881247,0.006154707593570841
2024-10-14,0.016479811622202467,-0.0036438965550262825,0.003802311644911738,0.0008672016322104348,0.002372298842927334
2024-10-15,0.011024814930414406,0.004108667817100287,-0.030061363729782964,0.015470417795869329,0.01693853219513164
2024-10-16,-0.0088520170172538,0.005620785601056388,0.0025758268752353874,0.0010967694378434256,-0.005266409874754019
2024-10-17,0.001596397219316037,0.0034877113944082883,-0.0025692090375484256,0.0011565525674026578,-0.004062996629792259
2024-10-18,0.012276404615916503,0.004233209896399082,-0.0028248933154150224,0.003952278080863847,0.005192191170364957
2024-10-21,0.0062979622991758966,-0.010516044978108319,0.0005831854696534133,-0.013868894388392672,-0.006149470258722367
2024-10-22,-0.0026216405289892775,0.005022397474798268,0.005163236724852416,0.0038076004421294662,0.014973370196519564
2024-10-23,-0.021623069495771197,-0.0031678752474693095,-0.0035627449492454666,0.014744555096274592,0.01524036067669643
2024-10-24,-0.0008233301410509597,0.007027308363915852,-0.005653748055600483,-0.013203856907151978,-0.0027622685755751553
2024-10-25,0.0036431749261158775,-0.011867680775023093,-0.0008362910170305327,-0.017046363175171164,-0.006382378789344445
2024-10-28,0.008599340087600549,0.014349289278015265,-0.004937532016862312,0.004475285311953403,0.0029086999816212433
2024-10-29,0.0011569489982601322,-0.011529999365775034,-0.013624893488709544,-0.009343967690266686,-0.01268876054529433
2024-10-30,-0.015277915141599041,0.006774473959647587,-0.005030711951304778,0.0032481673721769244,-0.003794466117523765
2024-10-31,-0.018209549135471237,-0.011095734405452418,0.0007712626316562776,-0.004669742856263204,0.0068804891909934884
2024-11-01,-0.013279625554838859,0.004596361080031697,-0.015670602572850578,0.0016888898113758266,0.0029286712976466234
2024-11-04,-0.004037635358627889,-0.014174269181111643,0.03184001810436454,-0.011802698251040411,0.0031633207164094568
2024-11-05,0.006486267707029203,0.0077804442976963095,0.002950825585818828,0.0006950122690838612,0.0149182544106512
2024-11-06,-0.003266991609935821,0.11544547597476473,0.017148704525391523,-0.002968127216495753,-0.0028680308465801607
2024-11-07,0.02137216417998089,-0.043228401758255264,0.0012395161624827455,-0.007284071971503603,0.004913501645949392
2024-11-08,-0.0011881399204867193,0.002538263993762113,-0.0003300747294290307,-0.00803943297271259,0.011687716446270757
2024-11-11,-0.012028600745126572,0.009747577792970086,-0.005284484233358255,-0.0027657630935769006,-0.00730864589172453
2024-11-12,0.0,0.0011284505924944455,-0.0009961511146318047,-0.015479845283619897,0.009262411245450242
2024-11-13,0.003969151834468887,0.006678897833431563,0.009306230669047899,0.003930941549773692,0.006000752459203396
2024-11-14,0.01377037338953535,0.002944037791047016,0.0006641024468261314,-0.00894011285847951,-0.012046764167582213
2024-11-15,-0.014109089939319919,0.014222560464666412,-0.010368300459872026,0.014024998072396544,-0.002604386770289069
2024-11-18,0.01342216871048274,-0.001141407417576401,0.008381434524742604,0.004999975944054658,-0.002017911686395646
2024-11-19,0.0011401432542985646,-0.007917461103268186,-0.013963913034089726,-0.01143633094112917,0.029971382217725218
2024-11-20,0.0031540917956718317,-0.009502575693187243,0.014246066177635797,0.0007190260071601173,0.0066976330114068006
2024-11-21,-0.002095959916285084,0.016529551029752065,0.013381047960026038,0.015609642585241001,0.01387921545759263
2024-11-22,0.005907499858088139,0.015484496295455008,-0.0011482425992511702,-0.002122087515937454,0.023192651293727273
2024-11-25,0.013050888583300724,0.007000652277729724,-0.014943849767348194,0.003931101761049716,-0.010393615484244223
2024-11-26,0.00940433616266212,-0.0012785018173616658,-0.016670853025190446,-0.0001295551481524937,0.02022330825116292
2024-11-27,-0.0005530961878666973,-0.0007200739419211954,-0.002627714143109583,0.005695270800173402,0.006242569863173619
2024-11-29,0.010215796792307996,-0.00028020242395021544,0.0025496776748816785,-0.00250972224321544,0.006748103876663469
2024-12-02,0.00952258956618346,-0.013895518675134833,-0.0009325885848010529,-0.0013548128326535958,0.001513500311921545
2024-12-03,0.012771798852010408,-0.005807247960907702,-0.001527285622744179,-0.015762253417381022,0.009391139868595522
2024-12-04,0.0014836831903140002,-0.0058003091028084874,-0.02880939694751694,-0.012404870161128456,0.010052384989588159
2024-12-05,0.00012345709464356425,0.008545796589096044,0.0043753118717557715,-0.006313367833214567,0.008999457469597516
2024-12-06,-0.0008229246195863293,0.0076584468167206765,-0.010541983418210443,-0.0014045580221497822,0.004197188972466348
2024-12-09,0.016101163916684147,-0.014351680244548803,-0.005899488330707747,0.00194226416697596,-0.01954021943467299
2024-12-10,0.004133731975458632,-0.0038964170386089902,-0.002037170155053447,-0.002473297973446531,0.007673599223714689
2024-12-11,-0.005166037926624956,0.002758866432420959,-0.006656606222848027,-0.01735590532936182,0.004336392013716273
2024-12-12,0.005963741171987058,-0.008212557000822351,-0.0008935287826923322,-0.002727752872323852,-0.009161864848135859
2024-12-13,0.0006855416659332647,-0.0065830719772496105,-0.008764052564401381,0.0025985241886086197,0.003919744401686298
2024-12-16,0.011727677306053952,-0.0015002833407494753,-0.021382062619412445,-0.018892315740145382,0.006578348936892464
2024-12-17,0.009719582728216603,-0.005092229712593155,-0.0042408133376424795,0.017796298958094647,0.0057973861186289
2024-12-18,-0.021421712416383354,-0.033520710159208766,-0.014720997599224295,-0.011338070917075393,-0.019597531031482096
2024-12-19,0.007014586453605531,0.011242763275460144,-0.008550927521168039,-0.008082796198642828,-0.001603490159730936
2024-12-20,0.018815868013208892,0.019917583395985483,0.003412049848151133,0.006198661888529244,-0.012419785943142747
2024-12-23,0.003065026687250283,0.0033248950569604308,0.004061469748318336,0.00553744861938732,-0.020489892494515827
2024-12-24,0.011478040766832454,0.016443696478056324,0.0009407689729459268,0.0039924482594235755,0.025788597638833455
2024-12-26,0.0031756931553008627,0.0034252683980184884,0.000845782541073703,-0.0018510664941079336,0.0011868084112349742
2024-12-27,-0.013242106727225478,-0.008102303286346868,-9.387116739134616e-05,-0.003640728079760125,-0.012177808230095177
2024-12-30,-0.013263526354860389,-0.00767087745297379,-0.006761783225594842,-0.01178896068308466,-0.01189198916755907
2024-12-31,-0.00705785333586606,0.0016296329459628556,0.017114212178362287,0.00892958565112889,-0.0024290004561704492
2025-01-02,-0.026235840484950756,0.00120980342260113,-0.00241712114099335,-0.004148724749697075,-0.0038738490864114183
2025-01-03,-0.002009477482910471,0.013666553169959128,0.0051253419400782985,0.0011806038798276575,0.008666750038068383
2025-01-06,0.006739007501231242,-0.004875382637053671,-0.0011125202019696134,-0.0036757140126276733,0.0071600791814896425
2025-01-07,-0.01138774926149444,0.009632538547452496,0.009374433918908798,0.017889462126011724,-0.006781076706182554
2025-01-08,0.002022956751811744,-0.00016447926698104354,-0.016735665059086524,-0.027080714908407355,0.0109018263719598
2025-01-10,-0.024103807037823,-0.013408558764873013,-0.0036472693165725545,-0.0014760213911911846,0.013072040571109556
2025-01-13,-0.010344074846233342,0.01809309046053653,0.025811998329741126,0.01696469375311227,-0.015806501918155913
2025-01-14,-0.004778190385629433,0.013349262283879115,0.003934522610346214,0.0019379853535115288,-0.008084718945393199
2025-01-15,0.01967586171909641,0.019719641670826293,0.01631416531720853,0.0015199467483251183,0.0060577425329648715
2025-01-16,-0.040400195596848265,0.007608422607684906,-0.0017038383283239922,0.019314336214633965,-0.000437982865288844
2025-01-17,0.007535348860102653,0.01923141370398529,0.008983085316734085,-0.0050078553215112676,0.0070099474419498264
2025-01-21,-0.03191585056317492,0.014932739822160146,-0.007567695621096049,0.007617513510482343,0.012399575043223754
2025-01-22,0.005344954452325856,-0.0007220475547213834,-0.017403786239461594,-0.019439685613739655,0.0016112535249293014
2025-01-23,-0.0007593778773221649,0.011832311288589858,0.005660540663175784,0.009430546227462422,0.006221299883017117
2025-01-24,-0.003934531312082656,-0.004173816237400763,-0.013526966073301505,0.0012277230700463715,0.01012682305455459
2025-01-27,0.03178009512572744,0.0038136385573923626,0.013896521232741321,0.04134313436763537,0.027859822018781122
2025-01-28,0.036543971704994016,0.004852281299609462,-0.019333712191671126,-0.01641713425253566,-0.0011292161867637596
2025-01-29,0.004616791471198534,-0.0020962095319682073,0.0058312051094995265,0.005120275688189846,0.002158285876911581
2025-01-30,-0.007394720758962636,0.006189547961890085,0.008281892916275346,0.01137947438526754,0.01179496071513264
2025-01-31,-0.006692234021185128,-0.0034672152565442538,-0.02500689765978803,-0.004709710199901851,-0.004966993181925172
2025-02-03,-0.0338559991580627,-0.001833217659306663,0.002433789021169197,-0.0018404775894942382,0.014058625645561262
2025-02-04,0.021008005148834608,0.00423531663405341,0.026799950698047637,0.010667202555431965,0.012356801384269422
2025-02-05,-0.001417455499027498,0.00929299842487974,-0.0007275645108177908,0.007818051632308087,0.016770782460362454
2025-02-06,0.0032262308608241863,0.02392504943350593,-0.013196230944798493,-0.007628180926552153,0.0038064382929781093
2025-02-07,-0.023968926706325222,-0.003972652020029499,0.004242527286384634,-0.0025406217924103247,-0.01652891503111331
2025-02-10,0.0011874700338860844,-0.017258708704737225,0.019101817579368463,0.007314543965686537,0.017498865058610757
2025-02-11,0.021831774959728323,0.014573233575920774,0.006307883152644411,0.012253565863188376,-0.004372366828426788
2025-02-12,0.018270185784662107,0.001672867405647871,-0.03008674676023615,-0.00557237221784368,0.011125069528375109
2025-02-13,0.019673120367576846,0.003158528111516734,0.0072659429576324985,0.012817323728479435,0.013898413121171016
2025-02-14,0.012710727793999288,0.0009770405707392182,0.0010173723144868418,-0.00699511317572854,-0.009614482835818672
2025-02-18,-0.0005314424435028942,0.012147995963779579,0.017553537654496187,0.0005162542840406736,-0.0024991124622959493
2025-02-19,0.001636120475941416,-0.0025004475915754165,0.00145286776028275,0.018710979373677716,0.0021197419680976104
2025-02-20,0.00392051334893706,-0.04458377397718083,0.01541244908819106,0.011337002230353388,-0.06528828553928123
2025-02-21,-0.001139004515798847,-0.009595052350041766,-0.011696444629539005,0.01640785349279894,-0.02499752408969036
2025-02-24,0.006312371084388646,-0.010974960207454365,0.005239834910993446,0.008872486754658127,-0.011711284667358934
2025-02-25,-0.0002428712111562925,-0.015076121763539119,-0.013840266462356032,0.014352021899547207,0.04291661625629728
2025-02-26,-0.027040202060264473,0.00540010007266023,-0.0024606153965219812,-0.01812276922762701,-0.015252446586126123
2025-02-27,-0.012730890059846955,0.0010045858224969617,0.006303799155080947,0.003985726658313649,0.006133253487236923
2025-02-28,0.0191319293439407,0.021617642623064093,0.010712537426402324,0.007878909223355324,0.01880358869414156
2025-03-03,-0.01575429728299993,-0.015227722567590307,-0.03206684143231597,0.013695266699346398,-0.01034378698722549
2025-03-04,-0.008822336184394208,-0.039789734084402006,-0.0020415084202668465,-0.011118995377659258,-0.026847071036901538
2025-03-05,-0.0008053418580530325,0.0051148047947509045,-0.019527585215360577,-0.0018136470471888932,0.010634953179369244
2025-03-06,-0.001739236787261178,-0.01983850350187022,0.020675207436907428,0.004299949665916181,-0.013961374435256135
2025-03-07,0.015892690026718448,-0.017279192742765792,0.013008762688161646,0.005186025185851317,-0.030853554956922102
2025-03-10,-0.04847965693103984,-0.04152219428651527,0.025500042579288174,0.006059088523422185,-0.04252069918758272
2025-03-11,-0.02918932533674856,-0.013263250454689679,-0.023613692285145316,-0.010971951734906615,-0.00432703765227993
2025-03-12,-0.017478751772568413,-0.005411603894362349,-0.00027492698831443896,-0.01814790153150847,-0.025617713214479143
2025-03-13,-0.03364364333837988,-0.011891083825690818,-0.004215094381652351,0.0008598099910446244,-0.00821592549414285
2025-03-14,0.0181707114648324,0.032195088235201785,0.029723126915984333,-0.0011044508415797294,0.010059119434430386
2025-03-17,0.0023887958298691725,0.00641008861506176,0.01662194843251319,0.00018431112184713605,0.024721889190885138
2025-03-18,-0.006121614876968273,0.004445780530868637,-0.001054888653610031,0.00865888477761656,-0.021381249359103127
2025-03-19,0.011989412168931679,0.01761936945662379,0.015575528463974697,-0.007671269048486029,0.008645985445089766
2025-03-20,-0.0052965330234083785,-0.00041837741364247893,0.004245699891598731,0.0001841075592734498,-0.006023575501971412
2025-03-21,0.019476918723706937,0.010962024202374021,-0.003451278105110145,0.003741858897078787,0.004732725916254177
2025-03-24,0.011270445103557014,0.02661083234726025,0.002597457625065136,-0.002077906829288989,0.017562257558858985
2025-03-25,0.013681887644081847,0.012376073684760902,0.006821991131156002,-0.013901619635765972,-0.031203541439997373
2025-03-26,-0.00992182125502894,-0.0003981019570477029,0.014409555744230529,0.0043472191402866844,0.005309116763905886
2025-03-27,0.010472688574058697,-0.011592267921660127,-0.0032130191609422987,0.008718852419486778,0.0049289948767736735
2025-03-28,-0.02658026938897784,-0.021239724663336235,-0.0013572216278003868,0.0035552890840566675,-0.00560544300224175
2025-03-31,0.01941253140545296,0.010088536400891357,0.010192826556760348,0.01301085688899839,0.031004043875467735
2025-04-01,0.004772015712181776,-0.006685734154356915,0.0009249849758019568,-0.07591661145798612,0.011846496483878921
2025-04-02,0.0031362890740354032,0.008864922747931159,-0.003108199675261325,0.013768470855471282,0.010469377163171867
2025-04-03,-0.09245597506767567,-0.06968516811463821,-0.05258285270624763,0.028707532510678035,-0.027852047800058122
2025-04-04,-0.07288752723206604,-0.07483831449021838,-0.07195588450864565,-0.04117136016985423,-0.04664227348925587
2025-04-07,-0.0367341985677333,0.019783185265966896,-0.013417548682815639,-0.01709729992815734,0.007693261937671947
2025-04-08,-0.04981816012822915,0.011331632809948422,-0.021080376991892025,-0.004116322092731717,-0.02433491814267197
2025-04-09,0.15328831186038272,0.08055527115570427,0.04991575338329546,0.00646663370875622,0.09548822699529191
2025-04-10,-0.04239367821616258,-0.03085262909005604,-0.055482031357940165,-0.01510243060386307,0.011272355380121946
2025-04-11,0.04059428156416356,0.04002466138414196,0.032122371365315594,0.020445348596839663,0.024169623486433922
2025-04-14,0.022054114915572853,-0.006265926207252748,0.002423850822343976,0.01733347722961498,0.020797441422151897
2025-04-15,-0.0018763246506349196,-0.006773897971731668,-0.002804862183929946,-0.004794087261569047,-0.00802279136996864
2025-04-16,-0.0389333870455566,-0.015098865730143962,0.010572269488358543,0.001887846345508093,-0.029583960313744107
2025-04-17,0.013949669697312705,0.01023474222494336,0.02620217173835937,0.02313025376260458,0.02226122430503019
2025-04-21,-0.019392901137262997,-0.01280396646568338,-0.014683814910967041,-0.003492819320363383,-0.008689104003059556
2025-04-22,0.03406520676670355,0.02882226822920586,0.02800179316892515,0.005289363328751184,0.026404044120199588
2025-04-23,0.024331559844859463,0.02245422282333731,-0.008587240232291071,-0.015023506070257708,0.0011598220242468038
2025-04-24,0.018426171166043614,0.01560940105904951,0.011735042321284306,-0.0028961536899841933,0.009266931705944392
2025-04-25,0.004367217626368269,-0.004455447441739202,-0.0005523159026125102,-0.002259152175385526,-0.007825663608175937
2025-04-28,0.004109223249334493,-0.0013550756214446569,0.0005526211240474144,0.004981183403821587,0.0013672837667022542
2025-04-29,0.005092001524013234,0.005756205260325276,-0.0024854583680938847,0.003604769434347066,0.008611567765478556
2025-04-30,0.006107619535950626,0.0,-0.025193764554895526,0.0025656305351720032,0.012598915994831206
2025-05-01,0.0038587510708918416,0.009279682781178522,0.001420119041995349,-0.01183524424851834,0.0016453301287855382
2025-05-02,-0.03736164844721823,0.02276312495905941,0.0040648719422839985,0.01074689575971921,0.013756280873662874
2025-05-05,-0.03145844940334408,0.00019808168316837182,-0.027680875435345254,-0.007174081881501038,0.005873498903831598
2025-05-06,-0.001910724185539614,-0.01310588168766813,0.01394396874975068,-0.003419311449630924,-0.007852661369922576
2025-05-07,-0.011384822963551255,0.0005617073093668878,-0.0009550643228871669,0.018320687300542593,0.002841168922831372
2025-05-08,0.0063185612871656804,0.016359939469915652,0.013956688248648819,-0.010425890738616106,-0.014165832410821921
2025-05-09,0.005266106242241664,-0.0015386428749412095,0.011690469584936691,-0.009250961441716554,-0.0048870418532150905
2025-05-12,0.06314611998383768,0.02754061546339792,0.017239701366990934,-0.0005186669211690864,0.00031015430854575143
2025-05-13,0.010152323033181476,0.011382637506053728,0.002748171054253845,-0.03697928605872991,-0.008992244082871137
2025-05-14,-0.002817937706539708,0.009999538972726763,-0.008952901183862716,-0.014012569621804971,0.00990829646100444
2025-05-15,-0.004144399536492704,0.006964117313777329,0.010140528492809997,0.022205583742050727,-0.004957229411689301
2025-05-16,-0.0008984888188138251,0.0002618192524190821,-0.003591875491574137,0.011496538821744728,0.019616038335978248
2025-05-19,-0.011739049622300435,-0.0100164911130316,-0.015898032877051382,0.0076653424431532,-0.0012215004807974994
2025-05-20,-0.009196436518546625,0.0030201193417891403,-0.014276337283333551,0.007672730780697634,-0.003261239723793996
2025-05-21,-0.023059065772182197,-0.01746454887194171,-0.012291532609650102,-0.00312396160669548,-0.014008222867431308
2025-05-22,-0.0036121633626486904,-0.0014172241095464777,-0.006656300649753866,-0.003720825206694367,-0.005185157165729981
2025-05-23,-0.03024437104584321,0.00015339684086423944,0.0005825133195094256,0.002162201689708265,0.004273896936911825
2025-05-27,0.02529833156690242,0.01756738776297917,0.004755986338824902,0.010617182349990317,0.012871184812901726
2025-05-28,0.0010488707446776324,-0.006785060662433451,-0.013620544266079948,-0.005350611124073423,-0.003484365991987315
2025-05-29,-0.002345093148486077,0.0033396802835514716,0.0056802763556371705,0.007544411888924074,-0.0014396995933645407
2025-05-30,0.00450122480090509,-0.0013993728237494674,-0.0037978949811552365,0.010613242303718406,0.016683819880218387
2025-06-02,0.004231962896562802,0.0024998620920855252,0.007331273928995907,0.0012241803414398955,0.010636102317432616
2025-06-03,0.007783865520053501,0.006083399930851829,0.007278148193542,-0.006306292092011612,0.002104864159277131
2025-06-04,-0.0022138530781495858,-0.007699021971401709,-0.01445088999662747,-0.007771058805998932,-0.0063012519047606075
2025-06-05,-0.010797712955902372,-0.008591310991927004,-0.004594351744226399,0.002871909571110276,-0.013990945875279825
2025-06-06,0.016398316088211073,0.014430329126416064,0.023961415973934974,0.008915607662938418,-0.005002069993082725
2025-06-09,-0.012112568123092138,0.003800765468849665,0.006713412698696075,0.0012900803114279658,-0.00020531037865723079
2025-06-10,0.006056066162269724,0.006973124216932414,0.021434693189567255,0.007859300080636178,-0.0013338023337385874
2025-06-11,-0.019193775052397055,-0.0016754199603018494,0.019492476417560578,-0.007606332844220409,-0.015618683116811027
2025-06-12,0.00211283244117233,0.0003355297967708726,0.003842397619000737,0.009017286270190494,-0.01012513802194881
2025-06-13,-0.013805210122337819,-0.012264923941603612,0.02178081896017936,0.0028085457483750798,-0.004112609030125891
2025-06-16,0.010028002074829123,0.02041881018840974,0.0032108393708241145,-0.011966968904789543,-0.0015883738740750664
2025-06-17,-0.014010625211583472,-0.0031068604884629814,0.013513456396575085,-0.01829641401747606,-0.0004243056472807982
2025-06-18,0.004804623021343435,0.01647380268239762,-0.007105215236045792,-0.010828330904105066,0.008912482704128033
2025-06-20,0.022484576206409645,0.003796096310743735,0.013340278500163283,-0.006236300383904658,0.010832004544078178
2025-06-23,0.0024876086788869767,0.011890697495764657,-0.02580637495550331,0.010214437395373643,0.018206337583350773
2025-06-24,-0.0059552633893745766,0.01074505019268246,-0.03042787189406504,0.005749255713811019,0.001328235761414387
2025-06-25,0.006290472762590538,0.009955263149415083,0.0002770396311482237,0.000591446915444882,-0.007550915445610817
2025-06-26,-0.0027783565386655384,0.0165107001879079,0.014948685091572544,-0.001773085513522843,-0.012749510988196322
2025-06-27,0.00039803569612795187,-0.0056797698177470934,-0.00554592074242799,0.002631420860767175,0.013018164826989809
2025-06-30,0.020340086750677333,0.009752310725974489,-0.014444971088542924,0.0022307858972503425,0.005243127086807631
2025-07-01,0.012916188482370305,0.001724849386940619,0.013357897858762735,0.02075285458503906,0.004704486316956968
2025-07-02,0.02223077554729791,0.00547501908207404,0.01656920693023478,-0.0023087888102368836,-0.006412936397354629
2025-07-03,0.005225071944338744,0.018582176457953015,0.010355505191024017,0.0028926645643740923,0.007683712034726398
2025-07-07,-0.016857890770172856,-0.013614848649652789,-0.009714774162785433,-0.004743161927282635,0.010065064860623973
2025-07-08,0.00028561822067518783,-0.031475934416171025,0.027720363033601814,0.003348821408810876,-0.02274793919424767
2025-07-09,0.005380807424099299,0.0013439000531665357,-0.0034154118821860813,0.003145252747631888,-0.0028838479179273957
2025-07-10,0.006015083021100764,0.01776391295078561,0.009929803321464759,0.009022496351044795,-0.02014256224103983
2025-07-11,-0.005884990617565977,-0.0046152967852967075,0.004350412331559639,-0.005009882417668976,-0.004849300651518784
2025-07-14,-0.012028736525215633,0.00641446186142014,-0.013081539221690641,-0.0005098817895669017,0.014618711185692801
2025-07-15,0.0023488280480599144,-0.007447099608512309,-0.008865742626099071,-0.010521651665087117,-0.004071898713793987
2025-07-16,0.005021219990528181,-0.002547698941499643,-0.00602264002329278,0.06193189558815848,-0.0025159106835134226
2025-07-17,-0.0006661656987771991,0.014274849920113741,-0.005078693808102552,-0.010923529096440232,-0.0006306248989448315
2025-07-18,0.005523275529580873,0.004725503061647984,-0.03483807285479712,0.00441774531433059,-0.0004205737612253957
2025-07-21,0.006155812049741138,-0.001029772974780685,0.002598227200150127,0.00403174045085164,0.006522853108508864
2025-07-22,0.009036152185532442,0.0015808836851201047,0.004534949344906947,0.02172061837875683,0.0018814304642935653
2025-07-23,-0.001165959336596023,0.018289242509084813,0.012806334648257867,0.006967205251352748,-0.0017737082627241607
2025-07-24,-0.0018211458111605516,-0.0007078408412427573,0.007823017236153529,0.002720252932309375,0.009615483037742178
2025-07-25,0.0005614135254969899,0.006980432701247485,-0.003520012175360132,-0.007430994236013344,0.009006207039860659
2025-07-28,0.0007947282690279334,-0.0011386766042836838,0.009420216003307225,-0.012358860540682248,0.0014363023561245747
2025-07-29,-0.012987636266531322,-0.004157002653858544,0.012921727829601881,0.011370419718359726,0.00737638567451504
2025-07-30,-0.010507871505401556,0.008719364536364571,-0.008681668798125819,-0.0050560320241228585,-0.007525730886419946
2025-07-31,-0.007079444029970072,-0.011314128793398992,-0.002323537969282752,-0.015066447983049569,0.0039963773890729914
2025-08-01,-0.025003767207273264,-0.023190619353001818,-0.017914754945397737,0.015721665639621296,0.005205054332619641
2025-08-04,0.004793027431132746,0.01689871176973723,-0.020704111950948456,0.022171719591107086,0.011168549010199813
2025-08-05,-0.002114660821478598,-0.009821156882203086,-0.001210784729013592,-0.0017539398863684053,-0.002811455107663896
2025-08-06,0.05090678593181619,-6.863507361143384e-05,-0.00680714471643884,-0.0008784647716572058,0.04078132933830325
2025-08-07,0.031793604006576714,-0.0151364068940818,-0.005257778519390355,0.005510180972858381,-0.002321836536888333
2025-08-08,0.04235802334241634,0.006342760762549027,0.008022733121325176,0.010493851990918124,0.005915392411776743
2025-08-11,-0.008337529418276923,0.0027704330748479222,-0.009082350856854271,0.00282706166398472,0.0019280859262440497
2025-08-12,0.010872493338129674,0.011362065504348928,0.0028346046377905054,-0.005983234825917005,-0.0029826893755102724
2025-08-13,0.016024460500071003,-0.007922069453462854,0.013850899865762933,0.009491893298184007,-0.025381298857526713
2025-08-14,-0.0023571671382598414,0.012494406608017261,-0.002044589654206952,0.0017199508714196288,-0.0013863165100712616
2025-08-15,-0.005112134913885957,-0.012476296759548311,0.0009399366601641201,0.01098889335372455,-0.006112313327267027
2025-08-18,-0.0030226912135892237,0.003580050005925983,0.002159868452820346,-0.0022078264703383477,0.006999895751307994
2025-08-19,-0.0014291668910864086,-0.0029840409126506984,0.006559137467354148,0.008794398922331803,0.005859078347294933
2025-08-20,-0.01973466840525373,0.005435843330950707,0.01033334507524497,0.005849213535410236,0.012637029263596
2025-08-21,-0.004911204146943904,-0.00263484981047446,0.006449965065823848,0.0005031361420486657,-0.04494499170705124
2025-08-22,0.012716821971234138,0.01636528990824737,0.01876756492269971,0.002012059532577881,-0.011535262605231744
2025-08-25,-0.0026343597790277062,-0.004523267889921301,0.00413372514420951,-0.0049082772805847386,-0.007848885436656183
2025-08-26,0.00946457099769904,0.012444884394331668,-0.002237263305108983,-0.0035004890641762154,-0.0002081372619995303
2025-08-27,0.005146015261057624,0.002377839993774833,0.011301459545064452,0.0016997691560192152,0.0003123109383402767
2025-08-28,0.008980783797791325,0.0059812635019051985,0.005321499979529465,-0.007579719035690657,0.00031221343067078244
2025-08-29,-0.0018059976322623017,0.0011624673356285253,0.00829294144894388,0.009803395839119267,0.00905216403484066
2025-09-02,-0.010424716156024028,-0.005706325887824715,0.003499794824691538,0.005023374043614082,0.008970878124258341
2025-09-03,0.03808981379539955,-0.0006340659233463608,-0.02423926019935474,-0.0003369213780601843,0.016249404795227518
2025-09-04,0.005493341372285965,0.01439027915770863,0.004378568368015978,0.004269605856711767,0.014983933820539974
2025-09-05,-0.0003753100891029648,-0.031071099385670098,-0.028202763702378064,-0.001846029448141051,-0.004161329478869935
2025-09-08,-0.0075513828270526995,-0.004993572221855924,0.005675972504586957,-0.0016812884929107152,0.017610155133326533
2025-09-09,-0.014839436818485985,0.016865325540091014,0.007282647761016836,-0.0065682168447911415,9.778764480183888e-05
2025-09-10,-0.032259525441291736,0.009031466765461627,0.01671936172511823,-0.006611643553349977,-0.018379045464777977
2025-09-11,0.014286469658345569,0.01670321241415018,-0.0031999397080445524,0.01541617750265356,0.022308539630816027
2025-09-12,0.017562925755691072,0.0044180762690697595,0.00017830622943293406,-0.0024651322161191036,0.008183129536450062
2025-09-15,0.011235933001189746,0.006483858401928444,0.0016940621591954308,-0.003706660913737836,0.0019325144685822249
2025-09-16,0.006125867664642737,0.0009388818616784533,0.02073870441286263,-0.005298571477196257,-0.002603918179361564
2025-09-17,0.0035272766349128126,0.00827965854141377,0.005319223582158195,0.004193512191796422,0.008218838935752704
2025-09-18,-0.0046445947485665995,0.004747565834964718,-0.011796403866574101,-0.01715570254221166,-0.006425550854260886
2025-09-19,0.03203293157342535,0.004948243271863717,-0.00974275558652371,0.011656033460064608,-0.012258642041503398
2025-09-22,0.043095660015793014,-0.0074335896365271825,-0.007091069932133598,-0.011238002785789902,0.0047883507324060215
2025-09-23,-0.006443273998468446,0.0009600979508952445,0.017229154944097047,0.013604252277078066,-0.0029176984265768535
2025-09-24,-0.008332291977418138,0.0021744329841544285,0.0053531622382736455,0.0006229399354245047,0.0020483579066239432
2025-09-25,0.01807292613835698,9.56599744377229e-05,0.00899095045849374,0.00588598748202207,0.003115048054675107
2025-09-26,-0.005489118202509746,0.008326682095157967,0.01410151879175836,0.011140541732566511,0.0010674025475361226
2025-09-29,-0.004031963626357271,-0.0011707061128138907,-0.02559280029660771,0.010628230295253172,-0.0007754785884230841
2025-09-30,0.000786133425020763,-0.0008236172441806744,-0.012869908755468007,0.020922869421601265,-0.00019405742427880401
2025-10-01,0.0032203144758191637,-0.014963637299440169,-0.006740719821508145,0.0033976294262292317,-0.01067336364401883
2025-10-02,0.006576613515574703,-0.010170341508824898,-0.00625040964774326,-0.00037620811571315027,-0.002550080848768288
2025-10-03,0.003461262002619314,0.00806381395343192,0.017701502827885296,0.01430254707202705,0.003638172090109082
2025-10-06,-0.005154574923412314,0.002106665278273967,0.00829946184536312,-0.0025444473926423683,0.006172241150816937
2025-10-07,-0.0008179935673845451,-0.004819127069288998,0.0005254070357796348,0.003879684746073364,0.005258038533178855
2025-10-08,0.006160157159454727,-0.01189511831594936,-0.002100455805299495,0.004235160088919221,-0.0032933419540153164
2025-10-09,-0.015577826342304535,0.004933742537515995,-0.009735133613318014,0.007327795811390869,-0.010981555547530442
2025-10-10,-0.034522040405148724,-0.015186548903284858,-0.019307426241771508,-0.001884028196487031,0.000687868238948397
2025-10-13,0.009744389834039024,0.02353006525728496,0.013636768398407106,0.000943751324798292,0.002749430513420581
2025-10-14,0.00044413082231420375,-0.019125314011642747,0.0004454033922280942,-0.00026186964629204557,0.04984323059563778
2025-10-15,0.0063365317531554055,0.011950451466736567,-0.006055712160363269,0.0016766009442039653,0.01697607920027
2025-10-16,-0.007580000400476461,-0.023389623273267435,-0.00869099329797729,0.0049694757736831185,-0.02347972284016986
2025-10-17,0.019559516473121263,-0.003282639365214668,0.014461366618268023,0.005725603569542326,0.011834331498866923
2025-10-20,0.03943866246963412,0.016131073986504374,0.004098298738098416,0.002587657346847294,-0.006312090733563758
2025-10-21,0.002021035212009581,-0.017429500547240573,8.874495271782301e-05,-0.00949811422238045,-0.007753354203758778
2025-10-22,-0.016440027383920586,-0.010030584212953664,0.01774469910886789,0.00552419249260816,0.008661237328724036
2025-10-23,0.00437215163049931,0.0014620421528652727,0.011071477186798795,-0.002435903677242557,-0.0026133498207105976
2025-10-24,0.012481631904607271,0.020031198920174687,-0.005087198037303842,-0.01075502686507157,-0.006457148797947676
2025-10-27,0.022791271725411066,0.012348641116870729,0.004766573556752585,-0.0005251146660150141,-0.016011984585780903
2025-10-28,0.0007068182263614275,0.003978183439713678,-0.007849024204284016,-0.0177089741347638,-0.01244376789789059
2025-10-29,0.0026022098686300232,0.000491286182563444,0.012344683946307722,-0.0017652630061588681,-0.006881835768692612
2025-10-30,0.0063033475055775945,0.012863715932680986,-0.015113841221948587,0.013129643692521675,-0.0022447139142377504
2025-10-31,-0.003795269005547608,0.00542911503594512,-0.002877289998728938,-0.0009521706139201669,-0.010271067436024683
2025-11-03,-0.004882134417416251,-0.005689093389093847,-0.0052465820811936625,-0.013819012970602507,0.004052120812662707
2025-11-04,0.0036797357129609853,-0.00032326635286517025,0.003340264181958652,0.003221388356728472,0.0066935879388339
2025-11-05,0.0003702315251463695,0.007857682380530084,-0.004030009134632362,-0.0046024746149978535,-0.007822347309030864
2025-11-06,-0.0013697125043753422,0.00558274596941799,0.0072131779251936035,0.005215062503743484,0.0020696298201388075
2025-11-07,-0.004818963020289169,0.0025204533162137555,0.02375538317333703,-0.002139242265118302,0.008949444194245038
2025-11-10,0.004548624750665864,0.008529458003624146,0.008531022728855753,0.009862196196889439,-0.0016569918192824717
2025-11-11,0.021601267048394046,-0.004007729282882844,0.0131957312908626,0.028766988519240755,0.009958977818274928
2025-11-12,-0.0064666586917843105,0.01517646646955173,-0.013858734513781279,0.0028891841862164203,0.0
2025-11-13,-0.0019016999597504247,-0.03411247895856662,0.0056722162823479305,0.004424030097338605,-0.008700556575893859
2025-11-14,-0.0019783074540463685,-0.018967392418583584,0.01299257204775306,0.0034826090104327356,-0.0005850880284371529
2025-11-17,-0.018171218027207114,-0.010671601797418995,-0.013496659629259722,0.01862930246725547,0.0045860728938369455
2025-11-18,-7.482548157744517e-05,-0.003196074651120706,0.01147183251394357,0.002104380657897753,-0.015152978081633628
2025-11-19,0.004188023274068087,0.012892068184872318,-0.014114058882831126,0.012549918749166222,-0.007693023897454299
2025-11-20,-0.008601474473370674,-0.01612424214775987,-0.00281209212212985,0.0027653478461959757,0.06460585035571098
2025-11-21,0.01968061086817685,-0.001206586184712699,0.000512689002943878,0.004087178491491095,-0.016711721563967052
2025-11-24,0.016317565960635383,-6.69866099478611e-05,-0.009480650739508434,0.010544535067567473,-0.011963624585313193
2025-11-25,0.0038053394528705375,0.01677851756491,-0.012589548949041074,0.009377192407893808,0.028253059985406725
2025-11-26,0.002094216889939382,0.015313557904943043,0.0022705765520512067,0.0043063270967622636,0.01962609101248103
2025-11-28,0.004683756058800448,0.017682894070448985,0.01002000841781614,-0.003083364532000532,0.012923959778460059
2025-12-01,0.01524117335723596,-0.013287209450729809,0.006124983308225529,-0.0076358196277759305,0.009229919875130888
2025-12-02,0.010914842545035386,-0.003366609350882177,-0.010717660464799383,0.000389530824882689,0.00789023100689712
2025-12-03,-0.007128103890149506,0.013804165125219203,0.020974222084323202,-0.00043806097787679743,0.017792060071781135
2025-12-04,-0.012141504532966252,0.012718902691460032,-0.005602765529346243,-0.013880099457144746,0.0037583865177415188
2025-12-05,-0.006840067419534801,-0.0033533925242493767,-0.005122036696546761,-0.002716300991326581,0.002351099541336721
2025-12-08,-0.003192442810390217,0.0005396567123105989,-0.004805228862572397,-0.0015352192895101702,-0.013465424145220672
2025-12-09,-0.0025549540307587826,-0.04663544047604784,0.0195723319124792,-0.008233261200244257,0.01320884501974584
2025-12-10,0.005772369311079162,0.031945542195775944,0.01090904615591981,0.03290653056616599,-0.016339170244624168
2025-12-11,-0.0026902620286017864,0.023443298901162812,0.0,0.016800615184315193,0.020674982467047576
2025-12-12,0.0008990996456430533,0.003591860075829567,-0.006023094344211777,0.00747585185347055,0.012273911359946377
2025-12-15,-0.0149849487432544,0.004709298659068439,-0.008920992985516185,0.01224128279779979,0.0007712191690794068
2025-12-16,0.0018241385327160131,-0.013967861210784638,-0.026154922462371832,-0.022738939373132094,-0.011730432772054322
2025-12-17,-0.010087037063657212,-0.0018063453766493653,0.02380540521612473,0.00492112590690974,0.0020794139350868157
2025-12-18,0.0012876722074433022,-0.0062860902124498574,-0.00740992670343632,-0.00960394622255989,-0.007176181934776316
2025-12-19,0.005437378743868182,0.013450402327430444,0.0012870349773943524,-0.009313099378007839,-0.004093072106872042
2025-12-22,-0.009865959632689436,0.01853660192935691,0.012511869746315796,0.004603483952716925,-0.015389997840820069
2025-12-23,0.005129732868573544,0.008790105972133588,0.010748995247867432,-0.007428218960942257,-0.015097730243403551
2025-12-24,0.005323766193815027,0.00994089571854806,-0.0016747050074057412,0.00971910602939885,0.006402216464468369
2025-12-26,-0.0014972311784394732,-0.0038277523658882817,-0.000922704697810417,-0.0007219333576788944,0.0011647331381128279
2025-12-29,0.0013167006418859373,-0.012686471507801111,0.011921756863249255,-0.00033714563026032707,0.007069939013178317
2025-12-30,-0.0024840667289872664,-0.0010193012365934395,0.0038164520742349772,-0.0031315444371108336,-0.005420777924753928
2025-12-31,-0.004467506365423368,-0.0037103405970364545,-0.005372389256302124,0.00019332502635172055,-0.004556776746752367
2026-01-02,-0.0031264752435974374,0.010117308447080475,0.019195685496080195,0.0019328016724027286,0.012117438006914893
2026-01-05,-0.013837077351279037,0.02629953855086753,0.022095353953396346,-0.014661225173436376,-0.0004434788790205202
2026-01-06,-0.018334279083890626,0.006224839167100926,-0.03438088836089881,0.0023493470486208867,0.014461932078321027
2026-01-07,-0.007737521221935606,-0.022772807845484522,-0.021148382765624252,0.013184301847961377,-0.014168269155547808
2026-01-08,-0.004955252154698941,0.008563061304545982,0.03730279852760798,-0.008385981718338709,0.0031050451380993938
2026-01-09,0.0012739243260126987,-0.0018193423758875449,0.013831235874492531,-0.006609958779501879,0.01291234167775146
2026-01-12,0.0033927700267757377,-0.014277444122410943,-0.004654540267422291,0.026077641398712714,0.03003576196722002
2026-01-13,0.0030740569768183956,-0.04188112643568365,0.020236992170056034,0.01873916674958953,0.020259400773941838
2026-01-14,-0.004175543256686898,-0.009745948660904502,0.028923709464970138,0.022934778507008646,-0.0026586503354586455
2026-01-15,-0.00673164811609317,0.004514954855955988,-0.008218010789146524,0.004667156256127569,-0.006997681127457911
2026-01-16,-0.010379283953724894,0.010379576882297181,0.005885439386555724,-0.004144484874367249,0.0041946115270947715
2026-01-20,-0.03455557089732719,-0.03113902321993911,0.004388342617863694,-0.0020578931437053027,-0.008270665647468922
2026-01-21,0.0038508189393806624,-0.0023120661313811297,0.02414538365495722,-0.0009166394538218103,0.005475548665718977
2026-01-22,0.002826590224981107,0.005264063123871843,0.00022436924980984152,0.0022017824054401114,-0.012818352943507305
2026-01-23,-0.0012482993138605014,-0.019464404154289627,0.009952259436593724,0.007551786277536721,-0.0008487284971947506
2026-01-26,0.029713062802263712,0.011151475686179468,-0.0009632771488933267,0.00613252591765856,-0.0007644066789618265
2026-01-27,0.01119761185346313,-0.0024250174432784988,0.01475824957085159,0.013318898477515217,-0.005950368561273067
2026-01-28,-0.0070855891539567395,0.0015316195091061857,0.0054813257150345684,0.01461412641089832,-0.0031640312870758747
2026-01-29,0.007175173478534136,0.018785277715230198,0.021296564988050326,-0.0018883934677762504,0.007205984832417522
2026-01-30,0.00464625557367615,-0.001729639654550752,0.006334072123790779,-0.00017592230114282792,0.014734709828493564
2026-02-02,0.04058099234146684,0.007355520871264121,-0.021216355508276274,0.015401538427740613,0.041295850050370175
2026-02-03,-0.0019627887262330113,0.021775845373529057,0.038511519649493176,0.010184137697072382,0.029421342976833076
2026-02-04,0.026012817340576033,0.0076862018384213915,0.026855907207996577,0.005877369148986622,0.002270688233946272
2026-02-05,-0.002097520770734884,-0.02240996439539278,-0.010230918059639493,0.014159509017467542,-0.008281181055640685
2026-02-06,0.008009669408572728,0.03946354478197245,0.020331316475490357,0.009251934979170873,0.03340156859652055
2026-02-09,-0.011660418612306933,-0.0009304747294303084,0.014491794102781563,-0.0056252291005098876,-0.016465806945229366
2026-02-10,-0.003423017398520134,-0.011859774587850813,0.0025129662801572916,-0.0012151813731614558,-0.017981835409418556
2026-02-11,0.0066501563343039916,-0.023438490009594637,0.026189039438140105,0.010530703455622348,0.016337916426616195
2026-02-12,-0.04998167896983208,-0.02631733644129297,-0.029767703312131855,0.015320118379455794,0.0378192179146557
2026-02-13,-0.022733490073462592,-0.0002974903603247814,-0.009871213962654224,-0.004498156611675297,0.0018707750714999083
2026-02-17,0.03166790145686926,0.015138027414531408,-0.015223940851543327,-0.0004927978781033016,-0.037642800149694455
2026-02-18,0.001781167564954833,0.005372250834655201,0.030713399703180322,0.0068219700734781785,-0.017307004748012167
2026-02-19,-0.01426159138112626,-0.002364231324463506,0.001924622443174595,0.007837100600594615,-0.013820848036524391
2026-02-20,0.015350431056632585,0.008894804889022057,-0.024441921810266276,-0.017901276236087837,-0.015055713463007825
2026-02-23,0.006047273769737682,-0.04221500565994296,0.02362842390108466,0.013814986847086486,0.022928748112265085
2026-02-24,0.02239105106810335,-0.0012430563929834992,-0.00994957982503808,0.007115328255950182,0.007471520195935222
2026-02-25,0.007679856169661159,0.020181667132352255,-0.0013399356022909537,-0.004507064056117227,-0.0078895102684724
2026-02-26,-0.004667689785084916,0.00933074592937988,-0.003488506940604985,-0.006933934194618185,-0.010576561604839996
2026-02-27,-0.03213048968015897,-0.01904426117671354,0.02665942741261662,0.020372142814159888,0.028371683325121744
2026-03-02,0.002044037948768729,-0.00912415181227677,0.011278721873280606,0.0005232620362685125,-0.00664326728230924
2026-03-03,-0.003664094667077511,0.009073762373418282,-0.015497322652886059,-0.007281941488713195,0.006372964716210072
2026-03-04,-0.004663640952734749,-0.0028974061672935036,-0.01323843532340463,-0.005876385891423697,-0.0007818441208713445
2026-03-05,-0.008494536639458317,-0.01950644087779707,0.006274105573070177,-0.023114548891868925,-0.03520853215121722
2026-03-06,-0.010872576884936036,-0.013864691959295294,0.0029849867626785542,0.0032132276832497197,0.0039737951187948095
2026-03-09,0.009399602442343502,0.0015200543179132442,-0.005092249994299358,0.009109894696432752,0.004361873709767705
2026-03-10,0.003655516130785408,-0.004104644959157633,-0.015354941182044723,0.004616879075441727,0.006273169710575344
2026-03-11,-7.677293916819039e-05,-0.004190927525510868,0.023290235123560432,-0.0029544035179721595,-0.01302752738332913
2026-03-12,-0.01936268410362818,-0.01610307770092656,0.01286449242188703,-0.003909601438858212,0.014899967725005903
2026-03-13,-0.02205188879408504,0.0019441943253268867,0.016869640337443093,-0.002148369588384269,0.00949489089372535
2026-03-16,0.010794880344667579,0.009596336831564134,0.007109946774932485,0.006914525772149238,-0.00418902613274319
2026-03-17,0.0055770205952525576,0.002551115996153097,0.010048960990123534,-0.02088904066544084,-0.0072227488556008135
2026-03-18,-0.01687444762321122,0.0029627319339777802,-0.007682138006848138,-0.003485757218544716,-0.024784194952410132
2026-03-19,-0.003920887726655109,0.0007992643855008197,0.0036170815020708513,0.0013486002674452102,-0.007296346596007641
2026-03-20,-0.003896289131202657,-0.00489618556543292,0.009547210638395809,-0.00938555714530609,-0.015077475695220555
2026-03-23,0.01411350980480508,0.011690279368677725,0.009143948901490395,0.00021242671376664468,0.014283390244447247
2026-03-24,0.0005963911769359953,0.00858889146089048,0.02637617529049341,-0.0006371447947248754,0.01101721944341394
2026-03-25,0.003894460372950048,0.010328428537211387,-0.012818977381954477,0.019807017256354476,0.008275234445828117
2026-03-26,0.001068847476965784,-0.012727681578398986,0.013291624462953289,-0.002875735557799408,-0.007150939504115272
2026-03-27,-0.016173054004998577,-0.03024072633607411,0.03360945860691178,0.005057607096959238,0.005811096772866398
2026-03-30,-0.008721878071757172,0.0032880668110599753,0.002807164508846549,0.00848411939892224,0.0049637865116016755
2026-03-31,0.029031288584213888,0.03661416754282243,-0.01055583058082632,0.008041578268728866,0.00631580697621259
2026-04-01,0.007250123353044202,0.004147398728892249,-0.052339930265919654,-0.001309160902310258,0.003701285529942755
2026-04-02,0.0011344770271390914,-0.002640680795986672,-0.000559791739393467,-0.004424067904821083,0.008417546058908432
2026-04-06,0.011487808933839494,0.008017798550562727,0.01667807051668735,-0.008517064587829637,0.007949763779143915
2026-04-07,-0.02070604577917201,0.006600097448735687,0.003305407646910341,-0.010623720027466477,-0.03391437299628042
2026-04-08,0.02130171641798695,0.03554131170863384,-0.046916010498687655,0.012121986023154507,0.038942004635635685
2026-04-09,0.00614133139171158,0.0076630179280876565,-0.0075535527470929065,4.141568791737882e-05,0.014694355786037283
2026-04-10,-3.8260530741629495e-05,-0.0014822259329182463,-0.016318296741127614,-0.011810523661151096,-0.01827625222337681
2026-04-13,-0.004913966848681062,0.01229546105901469,0.0008524233031930173,-0.002096805122462353,-0.017354217555199836
2026-04-14,-0.0014276386309766131,-0.008161195883457983,-0.02227459903979434,0.008993125843099525,0.003853209000236113
2026-04-15,0.02936300351797594,-0.01668164506679881,-0.0015412100674709883,-0.005955897301173851,-0.0023190804167236845
2026-04-16,-0.011372688335946068,0.013140301225801565,0.019931557451895232,-0.017304277651605138,0.00048088692499770325
2026-04-17,0.02593029133391722,0.0010969357503831656,-0.03645209670694938,-0.00153485865748193,0.021471010501745713
2026-04-20,0.010435424419368289,0.02159270356483467,0.008467474354784787,-0.014903020322007077,0.0032940481052536885
2026-04-21,-0.025196714096157535,-0.012587150870674635,0.004604732296604519,-0.019636753618080482,0.013133231405540347
2026-04-22,0.026299050276339386,6.385654138285624e-05,0.007683912505802359,-0.0002652656458144165,0.002932113016834048
2026-04-23,0.0009516199250387825,-0.004248833052150736,0.006889667990523485,0.020123725713482754,0.01577169948306012
2026-04-24,-0.008667687188198547,-0.010940380150622708,-0.010761960218731548,-0.013656949913751881,-0.015981222921972682
2026-04-27,-0.012727786010601316,0.01086669445655386,-0.0048352096546782075,-0.009494602998908697,-0.0179342275224722
2026-04-28,0.011584039752220443,-0.00057753054980203,0.01599301603902914,0.010872488788528756,0.0
2026-04-29,-0.001994732136373578,-0.007063802772193428,0.027298101458409274,-0.0019315195776153926,0.00329184501622537
2026-04-30,0.0043676927881808325,0.01286987049440036,-0.00219816515338922,0.010996216381182977,0.03062250176891479
2026-05-01,0.03239351501021104,-0.0024263326381473993,-0.010237789382081863,-0.011572812589532466,-0.0025011952491112988
2026-05-04,-0.0118155353844559,-0.01542553598523233,0.0061537577004215915,-0.013160793142181104,-0.009650481260606192
2026-05-05,0.026550617415383337,0.005688299482735193,0.007742988126412165,0.0060214803760354485,0.003529469725893186
2026-05-06,0.011717918777652159,0.01777636689210116,-0.039966452782021156,-0.004123284306753794,-0.005428431294666192
2026-05-07,-0.0002435044652232543,-0.027405562904829983,-0.014190692433956542,-0.009393746752848653,0.0009224392356406153
2026-05-08,0.020456485310924144,-0.01361536214096759,-0.01371259158244742,-0.00534798201702924,0.0036782352192052947
2026-05-11,-0.0012626131025762488,-0.006951422136867502,0.035346062864206385,0.0004969788258588625,-0.021774107015641864
2026-05-12,0.007243374589372076,0.016266698193691642,0.006347016077082657,0.01278060967928063,0.021631926327364104
2026-05-13,0.013805987391627639,-0.01518625903724935,0.006240469798209913,0.027468089955358987,0.008592131436236716
2026-05-14,-0.002208293097152536,-0.0011323737917798837,0.00798298454021018,0.001649178834101539,0.007530271865082039
2026-05-15,0.006773819369938039,-0.007002182681687286,0.04065901124833604,-0.017720932317987437,-0.007624911577907345
2026-05-18,-0.007960661114649215,0.009804966055655173,0.016274068445146783,0.009748093360311572,0.014378064663416401
2026-05-19,0.0037939903054091673,-0.01672598122328084,0.012835727831585375,0.004717753021573623,0.006449636945524695
2026-05-20,0.010971059357449242,0.021237827780780094,-0.03857282767317982,-0.0029564419166884237,-0.024962713385091262
2026-05-21,0.00906524661379593,0.0033776595528693942,-0.006334761323473104,0.010509269882586159,-0.0726786562796431
2026-05-22,0.012557860054279724,0.011155101734823258,-0.0023826074796587937,0.011263160858078436,-0.008818191421158805
2026-05-26,-0.001586735786880733,0.0011749537442633518,-0.032984820152507255,-0.012103035824801767,-0.014134848579266168
2026-05-27,0.008173140408717527,-0.02432027250362001,-0.012749436584141738,0.004822316477276045,-0.0002530300069207847
2026-05-28,0.00534019523725493,-0.008520381291236778,-0.0063555925309976,-0.0021185498180089635,0.0030369995368437763
2026-05-29,-0.0014399642515899869,0.008694742151130974,-0.011567831782125393,-0.023700200565047624,-0.026492867769914885
2026-06-01,-0.01842597822736758,-0.00912103426891464,0.02836301770024341,-0.008077032666013562,-0.009935217883960346
2026-06-02,0.029022935295418106,0.014768341793673478,0.0012049201041330893,-0.002773931479302716,-0.01343805866368697
2026-06-03,-0.01567264307615801,-0.0003653631645685884,0.019858282163609076,0.0015703481720434898,0.033875830582087874
2026-06-04,0.00312645238815068,0.033372080535216675,-0.0032125789476651345,0.022083797897249458,0.007271786326136898
2026-06-05,-0.012498826008526143,0.004760511625581776,-0.013943651856582862,0.020160468151733113,0.00968233698546861
2026-06-08,-0.018871545388655542,-0.004033725371046182,0.01220647889196691,-0.0026206280403181514,0.00799131532603714
2026-06-09,-0.036446341189923515,0.005110785750300106,-0.018714909039534655,0.02084765505904551,-0.007927960493838482
2026-06-10,0.0035450055495178656,-0.011384721351222371,0.01148338593479381,0.006286958201142001,0.014384264657397727
2026-06-11,0.01388983748609407,0.014071240233745508,-0.02668960279181487,-0.0006709327315191915,-0.000746311109374842
2026-06-12,-0.015221633631081977,0.023063020107523924,0.002796631973456698,0.010657460106263228,0.004481337965932086
2026-06-15,0.018170538868479413,-0.004115760495237097,-0.04142569770959703,-0.02162987140970596,-0.0018175827293310798
2026-06-16,0.009513514092780229,0.03675641092824922,0.006670395267263762,-0.002036904514179705,0.001738098623028872
2026-06-17,-0.010994537435617069,0.0070060237177231866,-0.007895097229928094,-0.0041669508357309315,-0.023961002307820056
2026-06-18,0.006960644246616354,-0.024710573715507,-0.020818517978170914,-0.02480789068175282,-0.008041986835123582
2026-06-22,-0.003355513813629196,0.019248533511496246,0.0047892596483922745,0.012697601479867204,0.0
2026-06-23,-0.009124398732296202,0.008024618744603806,0.009099320038135073,0.03368066589093699,0.019115885405194488
2026-06-24,-0.004145480706800209,-0.002064954886221937,-0.02025327224001594,0.00803074710621865,-0.0035170139930651434
2026-06-25,-0.06117774105404383,0.005008141585630899,0.004747952638936903,0.016099665437864674,-0.02705883350955085
2026-06-26,0.03136469225316163,-0.018112939266905714,-0.007342838404632568,0.039937894869000345,-0.000777250055352674
2026-06-29,-0.007188654692930396,0.0010333563941116175,-0.003515352419310225,0.015118177694631862,-0.009421778409592352
2026-06-30,0.027046212958856453,-0.006254044887290422,0.004850746015954366,-0.017562169878505673,-0.011692844106467426
2026-07-01,0.017348672275670385,0.020590950646787842,-0.003218219909896569,3.9366054373601855e-05,-0.0392018506714491
2026-07-02,0.04840675364798175,0.001197315436734403,0.005943572907485928,0.03567215042795313,0.02775224731695891
2026-07-06,0.01305778143996239,0.014265549396600186,-0.004741372598464633,-0.014104475297522678,-0.010640189244015441
2026-07-07,-0.006396770744445224,0.004441549196311012,0.03847851327158702,0.030501701746211474,0.008043416312108587
2026-07-08,0.008787785980344909,-0.025352296658711193,-0.003952284703236164,-0.014369040513576903,0.013985946380680403
2026-07-09,0.00903022957872146,0.01466942766663748,-0.026004418912178084,-0.01632499419006206,-0.007869110473723517
2026-07-10,-0.002846043762522954,0.002980892468361418,0.010330343522494845,-0.008182082994171447,0.015061070523742393
2026-07-13,0.006310939222858858,-0.005765751580729228,0.04053848880111155,0.0030740287976656067,0.007726015859593538
2026-07-14,-0.007721115748007379,0.02499033240560311,0.004013527349182366,-0.015207218714519577,-0.009409326560199549
2026-07-15,0.04014486379221993,0.011723843920603993,-0.003997483340467567,-0.026905704179630785,-0.010290171855764196
2026-07-16,0.017587781993612772,-0.010838574056478478,0.00996474055754093,0.011942329045300903,0.021505329575176813
2026-07-17,0.0014402172368908062,-0.00597402835328964,0.009660814506910809,0.012281467472434526,-0.0061766079146325925
2026-07-20,-0.02142383591993391,-0.006537704328423155,0.006786167411514166,-0.01667716751395587,-0.017857124925767742
2026-07-21,0.0035212601306020552,0.018768306314465022,0.022580193365284495,0.007193972824563355,-0.01613185873913814
2026-07-22,-0.005644666001250687,0.008631869692429461,0.01806073430971611,0.020031115975875924,-0.009602353586363521
2026-07-23,-0.012979820539962161,0.004853400197806446,0.015797985764024025,0.014239252237556954,-0.00850629870416486
2026-07-24,0.03531672413627751,0.009459838857765135,0.00031872216687212074,0.015929380236534785,0.009870842043951278
2026-07-27,0.011681009513348384,0.008465277948779049,-0.013826921289160965,0.009681172960106288,0.020736215211429432
2026-07-28,0.009408945533389002,0.003116185607869415,-0.011177889672220553,0.0029328123852252475,0.012171098964711913
2026-07-29,-0.005557412706758247,-0.035263514006347974,0.02424199486528189,-0.004498975200849409,0.009902806427388056
2026-07-30,-0.014074993355015719,0.017812116853705096,0.0014035908647260786,-0.036568287695400326,-0.027315775409501586
2026-07-31,-0.07353858440208272,0.002679214550530551,-0.009747085511364606,0.0020717322997949594,0.0009000971961792281
2026-08-03,-0.017772135672998512,0.002416231509903888,-0.0024447261583624424,-0.007567786076831284,-0.004406482464439088
2026-08-04,0.019642637836096544,0.013838402230386349,-0.007093947637009768,0.0020439164479311156,0.007587423437054985
2026-08-05,0.005236336596166957,0.004810923231028941,-0.015133850240548363,0.010434224207279907,0.007081986337461599
2026-08-06,0.004533755277783991,-0.008183950900032433,0.021169937932562055,-0.002367999462811299,-0.002403355711962485
2026-08-07,0.0029447910342259576,0.00342408437412578,-0.01162491532198473,0.00879437052402765,-0.0019630607205859407
2026-08-10,-0.015332485243728322,0.006349349969249296,0.04410611269084597,0.009913657568372036,0.007241858165833559
2026-08-11,-0.010867469011185404,0.006253647812788143,6.256832297490966e-05,-0.007677388724953271,0.0053257331920015805
2026-08-12,-0.008723897642456846,0.00867303076110093,-0.0003129181472054654,0.004079989177634857,0.02428040697485989
2026-08-13,0.009958675816790663,-0.005668457653036252,-0.007136113261067223,0.004676866399581758,-0.0024997780062648856
2026-08-14,0.002194794236790587,-0.0007435461005306232,0.009394167639527273,-0.006600988334470315,-0.003888727745241738
2026-08-17,-0.0011113534012042736,-0.005181360659759715,0.01502482730623833,0.007758844095141271,-0.00815473921692933
2026-08-18,0.014529279409058127,0.006344217085363146,0.02539322850390069,0.03331164268714493,0.0076095315000890285
2026-08-19,0.021933322000267097,-0.016489993762904387,-0.004771643499530853,0.008483695890095788,-0.007812429464945314
2026-08-20,-0.017454152112068244,-0.015982818721866576,0.008375247849975898,-0.022091321158524857,-0.09151364100162251
2026-08-21,-0.006263995393247401,8.533289813272837e-05,-0.006259363974342125,0.010734117418732758,0.0010425680935570725
2026-08-24,0.0032002269754076718,0.01368117714283823,-0.006419947639000223,0.01036126133640658,0.02690454192510594
2026-08-25,-0.0014178077160482694,0.0008417401740750119,-0.020786367562782182,0.005299971942249959,-0.010423519885609966
2026-08-26,0.011455367474878742,-0.0005326822734188497,-0.015251475084355981,-0.011495989163210152,-0.009869054304740055
2026-08-27,0.003604958753321119,-0.0063955084973263965,-0.011062646014233457,-0.01566670735677078,-0.016388720955433644
2026-08-28,0.01627575132974779,0.009598537306666488,0.0017259285876198849,0.008541293694124485,0.004482111437037251
2026-08-31,-0.008914626195478559,-0.004474039833794352,0.0270562826413292,-0.008170431172924042,0.017266528973938433
2026-09-01,0.02613223487390992,-0.0030053840785876362,0.022367233126902697,0.020086500715788436,0.010012352387370305
2026-09-02,-0.000522909067699362,0.003577937653179042,-0.002430927668519156,0.014823514795831993,0.0016049676348575126
2026-09-03,0.010001231183714099,0.016394352697428616,-0.011818381082856266,0.011700161043131097,0.021962502700384245
2026-09-04,-0.025105848234065142,-0.009445901047388627,-0.016891716785372823,-0.01149294894095465,-0.011805928803857002
2026-09-08,-0.011719848691107093,-0.014304050505466459,0.007462233851489808,-0.022199671639166363,-0.010173570506814222
2026-09-09,-0.0027828881140200545,0.003394477260343143,0.02222078914511849,-0.007580293482219891,-0.002074504614542616
2026-09-10,0.03561239017170226,-0.0032420679546322217,0.006089021652652349,-0.0027331904502416737,-0.0009448972162046099
2026-09-11,0.017454088133066703,0.007551797279588657,0.004599708196314722,-0.0028910062459346353,0.013430418271638045
2026-09-14,0.0024377692400032736,-0.017123784957437937,-0.005482279848149307,0.0027864326732758293,0.018012135116112438
2026-09-15,-0.005223941108804753,0.006740311651817432,0.02568454958889177,0.0033043138277673023,-0.009075957797446743
2026-09-16,0.0032293334219983816,-0.010127881374069392,-0.03543585955858741,0.00029935093043209626,-0.005458380589136946
2026-09-17,0.01380823768034456,0.0011176892005368977,-0.00030616611263400983,0.010999709872918428,-0.006604642646257264
2026-09-18,-0.00507415862040983,-0.008387943935929787,-0.0016843826059715905,-0.010491419740475183,0.008240446164187842
